URL,address,announce_ID,description,latitude,longitude,neighborhood,realty_info,realty_type,street,title,Price_BRL,Price_1000BRL,Dormitorios,Banheiros,Area_m_2,Vagas_Garagem,City
https://www.brognoli.com.br/imovel/comprar-casa-35840/,"['das', 'Piraúnas,484', 'JURERÊ-INTERNACIONAL,-FLORIANÓPOLIS/SC']",cod. C6-35840,"['Casa de 4 suítes em Jurerê Internacional, região nobre, segura e tranquila, a poucos metros da charmosa praia de Jurerê Internacional e do Open Shopping. Residência edificada com 2 pavimentos sobre um terreno de 450m² de esquina com lateral para uma alameda, tendo no piso térreo ampla sala de estar com lareira, cozinha com móveis planejados e bancada de granito integrada à copa com lareira, mesa de granito com 8 cadeiras, armário para louças, varanda com churrasqueira, bancada de granito e pia, despensa/dependência de empregada, 1 suíte com closet, lavabo, 1 vaga de garagem coberta e 2 descobertas; no segundo pavimento, 3 amplas suítes, sendo 1 suíte master com closet e hidromassagem,  todas com armários planejados, sala de estar íntimo/TV, banheiro social. Construção de alta qualidade com projeto peculiar com amplo jardim e espaço para estacionamento de mais veículos. Desocupada! Maiores informações e contato para visitas com a corretora Lourdes Inês Bianchi através do telefone  55 48 99983 0539 ou pelo e-mail lurdinhavendasbrognoli@gmail.com']",-27.4433488,-48.4961274,JURERÊ-INTERNACIONAL,"['4 Dormitórios', '6 Banheiros', '263.62 m²', '3 Vagas']",Casa,"['das', 'Piraúnas,484']",['Brognoli Imóveis: Locação e Venda de Imóveis em Florianópolis e Região'],1350000.0,1350.0,4.0,6.0,263.62,3,FLORIANÓPOLIS/SC
https://www.brognoli.com.br/imovel/comprar-casa-36204/,"['do', 'Kalifa,521', 'CANASVIEIRAS,-FLORIANÓPOLIS/SC']",cod. C6-36204,"['Casa com 7 quartos em Canasvieiras , sendo todos suítes, 8 banheiros, ampla cozinha com armários planejados integrada à área com churrasqueira, ampla sala de estar/convivência com recepção, área de serviço, varanda, vagas para estacionamento, terreno com 420m² de esquina, na quadra do mar, a poucos metros da linda Praia de Canasvieiras,  imediações do Hotel Canasvieiras Internacional, próximo a todo tipo de comércio e serviço, ônibus. I em frente. Atualmente existe um Hostel em funcionamento no imóvel, com excelente taxa de ocupação, com toda infra estrutura e instalações, com móveis nos quartos e demais dependências. Maiores informações e contato para visitas com a corretora Lourdes Inês Bianchi pelo telefone  55 48 99983 0539 ou pelo e-mail lurdinhavendasbrognoli@gmail.com.']",-27.4282036,-48.45248549999999,CANASVIEIRAS,"['8 Banheiros', '6 Vagas']",Casa,"['do', 'Kalifa,521']",['Brognoli Imóveis: Locação e Venda de Imóveis em Florianópolis e Região'],1200000.0,1200.0,,8.0,,6,FLORIANÓPOLIS/SC
https://www.brognoli.com.br/imovel/comprar-casa-36188/,"['João', 'Celestino', 'Pacheco,100', 'TRINDADE,-FLORIANÓPOLIS/SC']",cod. C6-36188,"['Casa de 5 quartos na Trindade, em região nobre, entre a Lauro Linhares e a Beira Mar, em rua sem saída. Terreno com 276m² com edificação simples, precisando de reparos com 3 quartos, sala, cozinha e banheiro; Edícula integrada à casa com 2 quartos e 1 banheiro. Região valorizada, com todo tipo de comércio e serviço nas imediações e ônibus a poucos metros. Acesso fácil para a UFSC, Shopping Iguatemi e Beira Mar. Maiores informações e contato para visitas com a corretora Lourdes Inês Bianchi pelo telefone  55 48 99983 0539 ou pelo e-mail lurdinhavendasbrognoli@gmail.com']",-27.582572,-48.5251561,TRINDADE,"['5 Dormitórios', '2 Banheiros', '100 m²', '1 Vaga']",Casa,"['João', 'Celestino', 'Pacheco,100']",['Brognoli Imóveis: Locação e Venda de Imóveis em Florianópolis e Região'],370000.0,370.0,5.0,2.0,100.0,1,FLORIANÓPOLIS/SC
https://www.brognoli.com.br/imovel/comprar-casa-36184/,"['Europa,395', 'TRINDADE,-FLORIANÓPOLIS/SC']",cod. C31-36184,"['Casa na TRINDADE  com 4 dormitórios, sendo duas suítes, sala de TV,  lavabo, cozinha  e  área de serviço, aconchegante copa com sacada fechada com linda vista para o o bairro, muito verde e tranquilidade. \nEspaço para festas com ótima área para crianças, com espaço gourmet, fogão de ilha, chopeira profissional, churrasqueira estilo argentina, home cinema com projetor HDMI externo,  home theather profissional, e ampla sacada com linda vista da Trindade , Beira Mar e Shopping Iguatemi.\nCasa mobiliada, com móveis planejados de excelente qualidade, 7 ar condicionados splits inverter, cozinhas  com eletrodomésticos embutidos .\nConstrução diferenciada, com cabeamento estruturado, com entrada de HDMI em todos ambientes, central telefônica com ramais em todos os ambientes, roteadores em todos os andares,  aquecimento solar com back-up a gás e elétrico.\nLocalização privilegiada, rua sem saída, próximo a UFSC, Shopping Iguatemi e todas as conveniências do bairro.\nAceita-se imóveis de menor valor na negociação.\nMaiores informações e contato para visitas com a corretora Elisiane Mello de Oliveira, no telefone/whats app  55(48)99621-8074, ou pelo e-mail: elisianevendasbrognoli@gmail.com']",-27.5872011,-48.5278697,TRINDADE,"['4 Dormitórios', '4 Banheiros', '315.79 m²', '4 Vagas']",Casa,"['Europa,395']",['Brognoli Imóveis: Locação e Venda de Imóveis em Florianópolis e Região'],1090000.0,1090.0,4.0,4.0,315.79,4,FLORIANÓPOLIS/SC
https://www.brognoli.com.br/imovel/comprar-casa-24377/,"['Doutor', 'Heitor', 'Blum,536', 'ESTREITO,-FLORIANÓPOLIS/SC']",cod. C48-24377,"['Terreno de esquina, em excelente localização, próximo a Policlínica (Heitor Blum), com 658m², com viabilidade para construção, ótimo para comercial e residencial.  Existe sobre terreno 3 edificações antigas. Maiores informações e contato para visitas com o corretor Hélio Júnior, no telefone   55 (48) 9963-2067, ou pelo e-mail: junior@brognoli.com.br']",-27.590576,-48.5804515,ESTREITO,[],Casa,"['Doutor', 'Heitor', 'Blum,536']",['Brognoli Imóveis: Locação e Venda de Imóveis em Florianópolis e Região'],675000.0,675.0,,,,,FLORIANÓPOLIS/SC
https://www.brognoli.com.br/imovel/comprar-casa-35457/,"['Laércio', 'Costa,297', 'TRINDADE,-FLORIANÓPOLIS/SC']",cod. C9-35457,"['Casa de 02 pavimentos na Trindade próximo á UFSC, linda casa sendo cozinha com armários, 01 bwc social, sala com 03 ambientes, 04 dormitórios , 2ºbwc social. Pavimento inferior:  Espaço gourmet churrasqueira e fogão á lenha bwc, lavanderia e escritório mais um pátio. Garagem para 02 carros, ótima localização na Trindade.Maiores informações e contato para visitas com o corretor Douglas Rodrigues Lobo, no telefone  55(48)99961-2134, ou pelo e-mail: douglasvendasbrognoli@gmail.com']",-27.5903656,-48.5268615,TRINDADE,"['4 Dormitórios', '3 Banheiros', '170 m²', '2 Vagas']",Casa,"['Laércio', 'Costa,297']",['Brognoli Imóveis: Locação e Venda de Imóveis em Florianópolis e Região'],650000.0,650.0,4.0,3.0,170.0,2,FLORIANÓPOLIS/SC
https://www.brognoli.com.br/imovel/comprar-casa-35913/,"['Rua', 'Maria', 'Julia', 'Franco,265', 'PRAINHA,-FLORIANÓPOLIS/SC']",cod. C12-35913,"['Casa com vista para o mar no José Mendes. Casa de 2 pavimentos com 4 quartos,sendo 2 suítes, banheiro social, ampla cozinha com dispensa,sala de estar e sala intima, amplo terraço com vista panorâmica para a ponte  e o mar.Garagem para 3 carros cobertos. Edicula com quarto e banheiro.Terreno com diversas arvores frutíferas. Maiores informações com Katiuscia Castro, contato 48 999 835 530 ou e-mail katiusciavendasbrognoli@gmail.com']",-27.60918,-48.548128,PRAINHA,"['4 Dormitórios', '4 Banheiros', '140 m²', '3 Vagas']",Casa,"['Rua', 'Maria', 'Julia', 'Franco,265']",['Brognoli Imóveis: Locação e Venda de Imóveis em Florianópolis e Região'],499000.0,499.0,4.0,4.0,140.0,3,FLORIANÓPOLIS/SC
https://www.brognoli.com.br/imovel/comprar-casa-35930/,"['Eduardo', 'Nader,235', 'BOM-ABRIGO,-FLORIANÓPOLIS/SC']",cod. C31-35930,"['CASA RESIDENCIAL 3 dormitórios com suíte ( suíte com banheira e aquecimento a gás), lavabo, duas salas amplas, garagem fechada para dois carros. dependência de empregada completa e espaço com churrasqueira.\nLocalizada num dos bairros mais charmosos e pitorescos do Continente.\nDistante apenas 6 km do Centro, o Bom Abrigo é dono de uma das mais bonitas vistas panorâmicas da Baía Sul e da orla sul metropolitana.\nAo longo da Rua João Meireles, que serve de acesso ao bairro e às demais localidades vizinhas, existe um pequeno comércio com mercado, bares, farmácia e padaria.\nElisiane Mello de Oliveira, no telefone/zap  55(48)9621-8074, ou pelo e-mail: elisianevendasbrognoli@gmail.com']",-27.6142718,-48.5956932,BOM-ABRIGO,"['3 Dormitórios', '4 Banheiros', '192.73 m²', '4 Vagas']",Casa,"['Eduardo', 'Nader,235']",['Brognoli Imóveis: Locação e Venda de Imóveis em Florianópolis e Região'],680000.0,680.0,3.0,4.0,192.73,4,FLORIANÓPOLIS/SC
https://www.brognoli.com.br/imovel/comprar-casa-36207/,"[',', 'CARIANOS,-FLORIANÓPOLIS/SC']",cod. C12-36207,"['Casa de alto padrão no Carianos.Casa com 219 m² de área construída, terreno de 364m² sendo 2 pavimentos.\nPrimeiro pavimento com ampla sala com pé direito duplo e lareira, sala de janta integrada com a cozinha, área de serviço independente e com moveis planejado, lavabo e espaço goumert com churrasqueira e sala de televisão.\nSegundo pavimento com 4 quartos, sendo uma suite com closet e sacada.\nFino acabamento, escada com travertino, piso porcelanato, água quente, aberturas com isolamento acústico e persianas integradas e automatizadas. Garagem para 2 carros cobertos e 2 descobertos. Maiores informações e contato com Katiuscia Castro (48) 999 835 530 ou pelo e-mail katiusciavendasbrognoli@gmail.com.']",-27.662146,-48.5374815,CARIANOS,"['4 Dormitórios', '3 Banheiros', '219.74 m²', '4 Vagas']",Casa,"[',']",['Brognoli Imóveis: Locação e Venda de Imóveis em Florianópolis e Região'],1100000.0,1100.0,4.0,3.0,219.74,4,FLORIANÓPOLIS/SC
https://www.brognoli.com.br/imovel/comprar-casa-36023-2/,"['Professor', 'Bayer', 'Filho,558', 'COQUEIROS,-FLORIANÓPOLIS/SC']",cod. C6-36023,"['Casa Linda, estilo funcional, mobiliada, 2 pisos, quitada, averbada 96m²  de área construida sobre um terreno de 360m² plano e gramado. Casa possui  2 suítes, Sala de jantar, ampla cozinha com armários planejados, area de serviço, hall de entrada, reformada.  Todo Sistema de aquecimento a gás é novo de alta pressão com mono-comando e elétrico, ar-condicionados novos em todos ambientes. Cerca elétrica e sistema antifurto. Localizada a 5 minutos do Centro, próximo ao park de coqueiros, via gastronômica, UDESC e ao comércio em geral. Desocupada! Proximo as vias de acesso norte e sul e planalto do Estado.  Maiores informações e contato para visitas com a corretora Lourdes INês Bianchi através do telefone  55 48 99983 0539 ou pelo e-mail lurdinhavendasbrognoli@gmail.com']",-27.604623,-48.58222199999999,COQUEIROS,"['2 Dormitórios', '2 Banheiros', '98.94 m²']",Casa,"['Professor', 'Bayer', 'Filho,558']",['Brognoli Imóveis: Locação e Venda de Imóveis em Florianópolis e Região'],790000.0,790.0,2.0,2.0,98.94,,FLORIANÓPOLIS/SC
https://www.brognoli.com.br/imovel/comprar-casa-35308/,"['Dorval', 'Manoel', 'Bento,211', 'CÓRREGO-GRANDE,-FLORIANÓPOLIS/SC']",cod. C9-35909,"['Casa no Córrego Grande próximo à UFSC. Casa em condomínio fechado. Casa com térreo mais 2 pavimentos, sendo térreo garagem para 2 carros cobertos, amplo depósito, primeiro pavimento, ampla varanda, sala de estar com lavabo, sala de jantar, cozinha com armários, lavanderia e espaço com churrasqueira e pia. Segundo pavimento escritório, ampla varanda, bwc social com bancada e blindex, 03 dormitórios sendo uma suíte com armários e hidro. Condomínio fechado com 5 casas em ótima localização nas proximidades da UFSC, fácil acesso para a Lagoa e Beira-Mar. Maiores informações e contato para visitas com o corretor Douglas Rodrigues Lobo pelo telefone 55(48)99961-2134 ou pelo e-mail: douglasvendasbrognoli@gmail.com']",-27.601924,-48.506903,CÓRREGO-GRANDE,"['3 Dormitórios', '3 Banheiros', '198 m²', '2 Vagas']",Casa,"['Dorval', 'Manoel', 'Bento,211']",['Brognoli Imóveis: Locação e Venda de Imóveis em Florianópolis e Região'],680000.0,680.0,3.0,3.0,198.0,2,FLORIANÓPOLIS/SC
https://www.brognoli.com.br/imovel/comprar-casa-35084-2/,"['Waldemar', 'Ouriques,839', 'CAPOEIRAS,-FLORIANÓPOLIS/SC']",cod. C6-35359,"['Casa ampla e confortável, de esquina, com piscina, churrasqueira, jardim, varanda, móveis requintados(todos planejados),  3 quartos(1 suíte),  3 banheiros, 1 lavabo, 3 salas, cozinha, lavanderia , 260m²  de área construída, terreno com 619,80m².\nPiso de taco nas salas em alto brilho e cerâmico nas demais dependências. Portão com elevador. Maiores informações e contato para visitas com a corretora Lourdes Inês Bianchi através do telefone  55 48 99983 0539 ou pelo e-mail lurdinhavendasbrognoli@gmail.com']",-27.5893561,-48.5921386,CAPOEIRAS,"['3 Dormitórios', '4 Banheiros', '209 m²', '2 Vagas']",Casa,"['Waldemar', 'Ouriques,839']",['Brognoli Imóveis: Locação e Venda de Imóveis em Florianópolis e Região'],850000.0,850.0,3.0,4.0,209.0,2,FLORIANÓPOLIS/SC
https://www.brognoli.com.br/imovel/comprar-casa-35648-2/,"['Coronel', 'Maurício', 'Spalding', 'de', 'Souza,730', 'SANTA-MÔNICA,-FLORIANÓPOLIS/SC']",cod. C9-35648,"['Casa ampla com 213m2 de área construída. Casa parcialmente adaptada para um salão de beleza, possui 3 dormitórios, sala para dois ambientes, cozinha e área de serviço, banheiro social, garagem para até 3 carros. Terreno com 510m2. Maiores informações e contato para visitas com o corretor Douglas Rodrigues Lobo, no telefone 55(48)99961-2134 ou pelo e-mail: douglasvendasbrognoli@gmail.com']",-27.5926485,-48.5075685,SANTA-MÔNICA,"['2 Banheiros', '213 m²', '3 Vagas']",Casa,"['Coronel', 'Maurício', 'Spalding', 'de', 'Souza,730']",['Brognoli Imóveis: Locação e Venda de Imóveis em Florianópolis e Região'],900000.0,900.0,,2.0,213.0,3,FLORIANÓPOLIS/SC
https://www.brognoli.com.br/imovel/comprar-casa-35929-2/,"['Santa', 'Tereza,653', 'BALNEÁRIO,-FLORIANÓPOLIS/SC']",cod. C47-35929,"['Casa com 4 quartos bem junto à praia do Balneário.  Terreno com 352 m² e casa com área construída de 310m².  Casa com 2 pavimentos. No térreo: hall de entrada,  2 salas com porta-janelões , escritório, cozinha, banheiro social, quarto estilo dependência e banheiro auxiliar. No pavimento superior, saleta, banheiro social e 3 quantos com acesso compartilhado para ampla sacada de frente e  com vista para o mar. Nos fundos da casa, edícula com área de serviço e churrasqueira.  Lateralmente garagem coberta para 2 carros e estacionamento para vários na parte frontal. Maiores informações e contatos para visitas com o corretor Heron Francisco 48 999615387, heronvendasbrognoli@gmail.com.']",-27.5771464,-48.585345,BALNEÁRIO,"['4 Dormitórios', '3 Banheiros', '310.55 m²', '2 Vagas']",Casa,"['Santa', 'Tereza,653']",['Brognoli Imóveis: Locação e Venda de Imóveis em Florianópolis e Região'],690000.0,690.0,4.0,3.0,310.55,2,FLORIANÓPOLIS/SC
https://www.brognoli.com.br/imovel/comprar-casa-36191/,"['Tupinambá,586', 'ESTREITO,-FLORIANÓPOLIS/SC']",cod. C13-36191,"['Casa com 03 quartos a venda no bairro Estreito em Florianópolis. Casa espaçosa, arejada e ensolarada, com terreno de 240m² (10x24) e 150 m² de área construída . Casa com 03 quartos sendo uma suíte, sala, banheiro social, cozinha independente com móveis planejados, edícula com churrasqueira, banheiro e lavanderia, todos com quartos possuem ar-condicionado SPLIT. Garagem fechada com portão eletrônico para 03 carros. Casa murada, acima do nível da rua, com amplo terraço e vista para cidade. Próximo ao Estádio do Figueirense, escolas, praça e comércio em geral. Imóvel desocupado! Para maiores informações tratar com o corretor Lucas Piccini, pelo fone: 55 (48) 99194.27.27, ou pelo e-mail: lucasvendasbrognoli@gmail.com']",-27.5852468,-48.5893335,ESTREITO,"['3 Dormitórios', '3 Banheiros', '150 m²', '3 Vagas']",Casa,"['Tupinambá,586']",['Brognoli Imóveis: Locação e Venda de Imóveis em Florianópolis e Região'],550000.0,550.0,3.0,3.0,150.0,3,FLORIANÓPOLIS/SC
https://www.brognoli.com.br/imovel/comprar-casa-33811/,"['DAS', 'CEREJEIRAS,490', 'CARVOEIRA,-FLORIANÓPOLIS/SC']",cod. C5-33811,"['Casa em lote com 2 residências, com entradas individuais, sendo esta na parte de trás. Com área construída de 109 m² e terreno de 152,60 m². Na parte superior 2 quartos, sala, cozinha, banheiro e na parte de baixo, 1 quarto. com banheiro, sala e cozinha conjugados (tipo kitinete) e área de serviço com acesso independente. Uma  vaga de garagem. Excelente para investidor, por estar próximo da Universidade Federal de Santa Catarina. Rua com excelentes casas, somente residencial. Bem localizada.\nMaiores informações e contato para visitas com a corretora Sueli Maria da Silva, no telefone (48) 99616247, ou no e-mail: sueli@brognoli.com.br']",-27.6062402,-48.5290787,CARVOEIRA,"['2 Dormitórios', '2 Banheiros', '109.88 m²', '1 Vaga']",Casa,"['DAS', 'CEREJEIRAS,490']",['Brognoli Imóveis: Locação e Venda de Imóveis em Florianópolis e Região'],270000.0,270.0,2.0,2.0,109.88,1,FLORIANÓPOLIS/SC
https://www.brognoli.com.br/imovel/comprar-casa-32270/,"['DURVAL', 'PIRES', 'DA', 'CUNHA,388', 'SAMBAQUI,-FLORIANÓPOLIS']",cod. C6-32270,"['Combinação perfeita de belezas naturais exuberantes, tranquilidade e segurança. Amplo terreno de 2.250m² com confortável residência construída na parte alta, possibilitando uma bela vista para o verde e para o mar. Edificação em níveis aproveitando a irregularidade do terreno, contendo 3 quartos sendo 1 suíte, escritório, depósito, 3 salas sendo 1 com lareira e outra integrada a uma varanda externa com churrasqueira, cozinha, área de serviço, 2 banheiros sociais, vaga de garagem coberta e fechada para 2 carros. Maiores informações e contato para visitas com a corretora Lourdes Inês Bianchi, no telefone +55(48)9983-0539, ou pelo e-mail: lurdinha@brognoli.com.br']",-27.487256,-48.52959800000001,SAMBAQUI,"['3 Dormitórios', '3 Banheiros', '250 m²', '2 Vagas']",Casa,"['DURVAL', 'PIRES', 'DA', 'CUNHA,388']",['Brognoli Imóveis: Locação e Venda de Imóveis em Florianópolis e Região'],1500000.0,1500.0,3.0,3.0,250.0,2,FLORIANÓPOLIS
https://www.brognoli.com.br/imovel/comprar-casa-33603/,"['ANTONIO', 'FILOMENO,85', 'BOM-ABRIGO,-FLORIANÓPOLIS/SC']",cod. C9-33603,"['Ampla casa com amplo terreno localizado em um dos bairros mais charmosos e de área nobre na região continental, casa com amplo jardim com vista para o mar e piscina, garagem para 3 carros cobertos e 2 descobertos, salão de festa coberto com churrasqueira e pia, mais quarto, bwc auxiliar , dependência de empregada, lavanderia e escritório. Parte superior, ampla sala com 4 ambientes com lareira, varanda, cozinha ampla, bwc social, 2 quartos (demi-suíte) com armários. Suíte principal com closet, banheira e box. Imóvel em área nobre próximo a via gastronômica de Coqueiros, praia do Bom Abrigo e Itaguaçu, bairro de ótima qualidade de vida para quer procura beleza natural e tranquilidade. Maiores informações e contato para visitas com o corretor Douglas Lobo, no telefone  55(48)9961-2134, ou pelo e-mail: douglas@brognoli.com.br']",-27.6142421,-48.596618,BOM-ABRIGO,"['4 Dormitórios', '5 Banheiros', '308.01 m²', '5 Vagas']",Casa,"['ANTONIO', 'FILOMENO,85']",['Brognoli Imóveis: Locação e Venda de Imóveis em Florianópolis e Região'],1380000.0,1380.0,4.0,5.0,308.01,5,FLORIANÓPOLIS/SC
https://www.brognoli.com.br/imovel/comprar-casa-33929/,"['MARINAS', 'DO', 'CAMPECHE,760', 'CAMPECHE,-FLORIANÓPOLIS/SC']",cod. C46-33929,"['Linda casa no bairro Campeche, com arquitetura moderna e acabamento diferenciado. Nunca habitada, financiável. 160m², 3 quartos, sendo 1 suíte, ampla sala integrada com a cozinha, área externa, lavabo, área de serviço, 2 vagas de garagem. Condomínio Unifamiliar em Loteamento regularizado, de alto padrão, com monitoramento 24 horas, campo de futebol e playground. Maiores informações e visitas, com a corretora Luana Campos (48) 9921-2027, ou luana.campos@brognoli.com.br CRECI 16.361']",-27.6852156,-48.50437609999999,CAMPECHE,"['3 Dormitórios', '2 Banheiros', '159.1 m²', '2 Vagas']",Casa,"['MARINAS', 'DO', 'CAMPECHE,760']",['Brognoli Imóveis: Locação e Venda de Imóveis em Florianópolis e Região'],469000.0,469.0,3.0,2.0,159.1,2,FLORIANÓPOLIS/SC
https://www.brognoli.com.br/imovel/comprar-casa-35424/,"['Carapanás,140', 'JURERÊ-INTERNACIONAL,-FLORIANÓPOLIS/SC']",cod. C12-35424,"['Casa em Jurerê Internacional, 545 m² de área construída em um belo terreno com 757 m², bem localizada em local tranquilo, dividida em 2 pavimentos sendo o 1º com living, home theater, bwc social, ampla sala com pé direito duplo, portas em vidro que dão acesso a área de piscina e possibilitam maior entrada de luz, cozinha independente com móveis planejados e área gourmet com churrasqueira, lavabo e um pequeno dormitório, depósito, área de serviço com entrada independente, dependência completa de empregada, garagem coberta para 2 carros ( descoberta para mais 2 ), amplo jardim com piscina com raia de natação, deck em madeira com ducha. No 2º pavimento temos 5 suítes sendo 1 delas master com 2 closets, escritório e banheiro com hidro, todas as suítes possuem sacadas e móveis planejados. Casa com elevador, sistema de captação de água da chuva e aquecimento solar. Maiores informações e contato para visitas com a corretora Katiuscia Castro   55 (48) 99983-5350 ou pelo e mail: katiusciavendasbrognoli@gmail.com']",-27.4468196,-48.49782949999999,JURERÊ-INTERNACIONAL,"['5 Dormitórios', '7 Banheiros', '545.6 m²', '2 Vagas']",Casa,"['Carapanás,140']",['Brognoli Imóveis: Locação e Venda de Imóveis em Florianópolis e Região'],3900000.0,3900.0,5.0,7.0,545.6,2,FLORIANÓPOLIS/SC
https://www.brognoli.com.br/imovel/comprar-casa-33804/,"['HAROLDO', 'SOARES', 'GLAVAN,3450', 'CACUPÉ,-FLORIANÓPOLIS/SC']",cod. C9-33804,"['Casa de alto padrão localizada em condomínio fechado em um dois bairros de maior beleza natural na ilha, bairro de Cacupé, área nobre. Casa de 2 pavimentos, sendo pavimento térreo ampla cozinha com armários formaplas, mesa de granito, fogão italiano, área de serviço separada, dependência completa de empregada, sala de festa com churrasqueira e pia, sala de estar e jantar com lareira e lavabo, detalhes em travertino e rebaixo em gesso, quarto com sacada e escritório, amplo jardim com piscina e espaço gramado para quadra de voleibol, garagem para 2 carros cobertos e 3 descobertos. Pavimento superior, sala , bwc social com bancada e blindex, 3 quartos com sacada (sendo 1 suíte master com hidro e 2 closet e armários) vista para o mar, ótimo padrão de construção em todos materiais da casa. Condomínio diferenciado, acesso duplo para veículos, todo arborizado, área de preservação permanente, nascente de água mineral distribuída  para todas as residencias do condomínio, área coletiva de lazer com campo e futebol, quadra de voleibol, playground, vigilância 24h.  Maiores informações e contato para visitas com o corretor Douglas Lobo, no telefone  55(48)9961-2134, ou pelo e-mail: douglas@brognoli.com.br']",-27.5363431,-48.5270105,CACUPÉ,"['4 Dormitórios', '4 Banheiros', '273.56 m²', '4 Vagas']",Casa,"['HAROLDO', 'SOARES', 'GLAVAN,3450']",['Brognoli Imóveis: Locação e Venda de Imóveis em Florianópolis e Região'],2100000.0,2100.0,4.0,4.0,273.56,4,FLORIANÓPOLIS/SC
https://www.brognoli.com.br/imovel/comprar-casa-35347/,"['Getúlio', 'Vargas,298', 'CENTRO,-FLORIANÓPOLIS/SC']",cod. C31-36043,"['CENTRO - CASA COMERCIAL/RESIDENCIAL- PRAÇA DOS BOMBEIROS- TERRENO COM 528,88 M². Casa com aproximadamente 278,12 m².\nParte superior com 4 quartos, 1 bwc,  duas salas, cozinha e lavanderia.\nParte inferior 7 salas , 1 bwc e hall de entrada . \nAndar superior e inferior com entradas independentes e sem comunicação interna.\nTerreno ao lado , com entrada e portão separado,  para colocação de aproximadamente 15 carros.\n Casa Tombada pelo Patrimônio Indice P3 - "" São imóveis que podem ser demolidos, mas cuja reconstrução deve seguir normas tais que não prejudiquem os edíficios preservados localizados na vizinhança. "" segundo documento parecer da Prefeitura Municipal de Florianópolis.\nMaiores informações e contato para visitas com a corretora Elisiane Mello de Oliveira, no telefone  55(48)9621-8074, ou pelo e-mail: elisianevendasbrognoli@gmail.com']",-27.5924914,-48.5457881,CENTRO,"['2 Banheiros', '278 m²']",Casa,"['Getúlio', 'Vargas,298']",['Brognoli Imóveis: Locação e Venda de Imóveis em Florianópolis e Região'],3500000.0,3500.0,,2.0,278.0,,FLORIANÓPOLIS/SC
https://www.brognoli.com.br/imovel/comprar-casa-35537/,"['dos', 'Búzios,1528', 'JURERÊ-INTERNACIONAL,-FLORIANÓPOLIS/SC']",cod. C31-35537,"['JURERÊ INTERNACIONAL - Excelente casa, muito bem localizada, na Búzios, pertinho da praia, do Open Shopping, na praia mais concorrida e de alto padrão de Florianópolis.\nTerreno com 600 m² e 376 m² de área construída.\n5 dormitórios, sendo uma suíte master com amplo closet, 2 demi-suíte, duas salas amplas sendo uma com lareira, garagem fechada para dois carros e mais duas vagas na frente descobertas. \nAmpla área social, com piscina e área de churrasqueira.\nMaiores informações e contato para visitas com a corretora Elisiane Mello , no telefone 55(48)996218074, ou pelo e-mail: elisianevendasbrognnoli@gmail.com']",-27.4399476,-48.4988658,JURERÊ-INTERNACIONAL,"['5 Dormitórios', '7 Banheiros', '376.58 m²', '4 Vagas']",Casa,"['dos', 'Búzios,1528']",['Brognoli Imóveis: Locação e Venda de Imóveis em Florianópolis e Região'],3300000.0,3300.0,5.0,7.0,376.58,4,FLORIANÓPOLIS/SC
https://www.brognoli.com.br/imovel/comprar-casa-35601/,"['TENENTE', 'CALANDRINI,575', 'CARIANOS,-FLORIANÓPOLIS/SC']",cod. C18-35601,"['Casa de 4 quartos, sendo 1 suíte, contendo piscina, dormitórios com sacada e armários planejados, possuindo ampla sala térrea, escritório, cozinha independente espaçosa e arejada com armários planejado. Casa de 2 pavimentos, onde no pavimento superior ficam os quartos. Casa com piscina, grande edícula estruturada, com 1 quarto, banheiro social, churrasqueira. Casa residencial com área de serviço completa separada da casa. Casa residencial com árvores frutíferas, iluminação indireta em toda parte externa, alarme. para maiores informações tratar com o corretor Alexandre Brognoli pelo fone:  55 (48) 99971-5351, ou pelo e-mail alexandrevendasbrognoli@gmail.com']",-27.6669281,-48.5334821,CARIANOS,"['4 Dormitórios', '4 Banheiros', '178.35 m²', '4 Vagas']",Casa,"['TENENTE', 'CALANDRINI,575']",['Brognoli Imóveis: Locação e Venda de Imóveis em Florianópolis e Região'],980000.0,980.0,4.0,4.0,178.35,4,FLORIANÓPOLIS/SC
https://www.brognoli.com.br/imovel/comprar-casa-35675/,"['Arnoldo', 'Cândido', 'Raulino,173', 'ESTREITO,-FLORIANÓPOLIS/SC']",cod. C47-35675,"['Casa comercial em excelente localização no bairro Estreito com 3 salas, 4 quartos, cozinha, 02 banheiros,edícula com banheiro, duas vagas de garagem cobertas. Casa em ótima localização no coração do Estreito, ideal para clínica médica e comércio em geral.  Maiores informações e contatos para visitas com o corretor Heron Francisco 48 999615387, heronvendasbrognoli@gmail.com.']",-27.586878,-48.582608,ESTREITO,"['3 Banheiros', '136 m²', '2 Vagas']",Casa,"['Arnoldo', 'Cândido', 'Raulino,173']",['Brognoli Imóveis: Locação e Venda de Imóveis em Florianópolis e Região'],850000.0,850.0,,3.0,136.0,2,FLORIANÓPOLIS/SC
https://www.brognoli.com.br/imovel/comprar-casa-35605/,"['Araci', 'Vaz', 'Callado,1531', 'ESTREITO,-FLORIANÓPOLIS/SC']",cod. C17-35605,"['Casa 3 quartos com suíte no bairro Estreito, sala, cozinha, banheiro, dispensa, área de serviço externa com churrasqueira, depósito, piso cerâmico, forro de pvc, garagem para 1 carro coberto e vários descobertos. Amplo pátio com gramado e arborizado. Casa em excelente rua do Estreito com amplo terreno de 487,20m² em local alto. Maiores informações e contato para visitas com o corretor Diogo Scherer, no telefone 55(48)99971-4320 (WhatsApp) ou pelo e-mail: diogovendasbrognoli@gmail.com']",-27.590144,-48.589093,ESTREITO,"['3 Dormitórios', '2 Banheiros', '60 m²', '2 Vagas']",Casa,"['Araci', 'Vaz', 'Callado,1531']",['Brognoli Imóveis: Locação e Venda de Imóveis em Florianópolis e Região'],550000.0,550.0,3.0,2.0,60.0,2,FLORIANÓPOLIS/SC
https://www.brognoli.com.br/imovel/comprar-casa-33545/,"['ANTONIO', 'GOMES,222', 'BALNEÁRIO,-FLORIANÓPOLIS/SC']",cod. C17-33545,"['Casa em Florianópolis localizada em área nobre do bairro Balneário Estreito, casa de 2 pavimentos com edícula também de 2 pavimentos com possibilidade de rendimento de 3 locações administradas pela Brognoli Alugueis da seguinte forma: edícula / parte térrea da casa / parte de cima da casa. Rendimento total em locação de R$ 3.500,00 aproximadamente. Ao lado do Colégio Aderbal, próximo Supermercado Imperatriz, pracinha, Bancos e todo tipo de comércio. Maiores informações e contato para visitas com o corretor Diogo Scherer, no telefone  55(48) 99971-4320, ou pelo e-mail: diogovendasbrognoli@gmail.com']",-27.5814775,-48.5818977,BALNEÁRIO,"['7 Dormitórios', '4 Banheiros', '275.25 m²', '1 Vaga']",Casa,"['ANTONIO', 'GOMES,222']",['Brognoli Imóveis: Locação e Venda de Imóveis em Florianópolis e Região'],700000.0,700.0,7.0,4.0,275.25,1,FLORIANÓPOLIS/SC
https://www.brognoli.com.br/imovel/comprar-casa-35685/,"['Professor', 'Bento', 'Águido', 'Vieira,110', 'TRINDADE,-FLORIANÓPOLIS/SC']",cod. C6-35685,"['Casa residencial e comercial com 4 quartos sendo 1 suíte, 4 banheiros na Trindade,  2 salas, cozinha totalmente reformada e com móveis planejados, área de festas com churrasqueira, garagem para 2 carros,  localização espetacular, próximo ao Shopping Iguatemi e a 100m da Lauro Linhares, deslocamento fácil para UFSC. Atualmente utilizada comercialmente mas com estrutura residencial em ótimo estado. Maiores informações e contato para visitas com a corretora Lourdes Inês Bianchi através do telefone  55 48 99983 0539 ou pelo e-mail lurdinhavendasbrognoli@gmail.com.']",-27.5892719,-48.5213214,TRINDADE,"['4 Banheiros', '218 m²']",Casa,"['Professor', 'Bento', 'Águido', 'Vieira,110']",['Brognoli Imóveis: Locação e Venda de Imóveis em Florianópolis e Região'],730000.0,730.0,,4.0,218.0,,FLORIANÓPOLIS/SC
https://www.brognoli.com.br/imovel/comprar-casa-35748/,"['da', 'Corticeira', 'da', 'Serra,110', 'CACHOEIRA-DO-BOM-JESUS,-FLORIANÓPOLIS/SC']",cod. C2-35748,"['Casa de alto padrão na Cachoeira do Bom Jesus, Financiável via banco. A casa possui 2 Dormitórios, sendo 2 Suítes e Uma master com banheira de hidromassagem para dois e clarabóia,(Teto transparente) Cozinha com móveis Planejados e bancada em ilha,sala com pé direito duplo, lareira acabamento em mármore,espaço gourmet com Churrasqueira a Carvão, forno de pizza, ótimo padrão de acabamento, peças amplas, opção para o terceiro dormitório.Terreno com privacidade para área verde com Piscina em fibra. maiores informações e contato para visita com o Corretor e Avaliador Rodrigo Barth pelo telefone  55(48)99089-2016(WhatsApp) ou e-mail rodrigovendasbrognoli@gmail.com']",-27.4218052,-48.423919,CACHOEIRA-DO-BOM-JESUS,"['2 Dormitórios', '3 Banheiros', '258.02 m²', '2 Vagas']",Casa,"['da', 'Corticeira', 'da', 'Serra,110']",['Brognoli Imóveis: Locação e Venda de Imóveis em Florianópolis e Região'],1310000.0,1310.0,2.0,3.0,258.02,2,FLORIANÓPOLIS/SC
https://www.brognoli.com.br/imovel/comprar-casa-35749/,"['da', 'Escova', 'de', 'Garrafa,528', 'CACHOEIRA-DO-BOM-JESUS,-FLORIANÓPOLIS/SC']",cod. C2-35749,"['LOTEAMENTO JARDIM NOVA CACHOEIRA - Casa com 05 suítes sendo os banheiros com balcões sob medida, closet, lavabo no piso térreo, amplo living com sala de estar/tv, sala de jantar, 02 cozinhas sob medida, amplo quintal, lavanderia isolada, espaço gourmet com churrasqueira, 02 vagas de garagem, jardim frontal, piso em porcelanato, paredes com massa corrida, teto em gesso, água quente na cozinha e banheiros, persianas automatizadas, excelente material hidráulico e elétrico, aberturas em alumínio e acabamento em granito. Área construída de 284m² e terreno individual com 450m² sendo 15mx30m. Localizada em ótimo loteamento de alto padrão com guarita de segurança na entrada, taxa opcional de condomínio cobrada via associação de moradores organizada, fitness ao ar livre, pista de caminhada, praça, próximo do Sapens Parque e centrinho da Cachoeira do Bom Jesus, 800m do mar em linha reta e 1200m por vias de acesso. ESCRITURA PÚBLICA COM POSSIBILIDADE DE FINANCIAMENTO BANCÁRIO. Maiores Informações e Contato para visita com o Corretor e Avaliador Rodrigo Barth  55(48) 99809-2016 ou pelo e-mail rodrigovendasbrognoli@gmail.com']",-27.421524,-48.426372,CACHOEIRA-DO-BOM-JESUS,"['5 Dormitórios', '6 Banheiros', '284.48 m²', '2 Vagas']",Casa,"['da', 'Escova', 'de', 'Garrafa,528']",['Brognoli Imóveis: Locação e Venda de Imóveis em Florianópolis e Região'],1500000.0,1500.0,5.0,6.0,284.48,2,FLORIANÓPOLIS/SC
https://www.brognoli.com.br/imovel/comprar-apartamento-35734/,"['Doutor', 'Fernando', 'Emílio', 'Wendhausen,165', 'JARDIM-ANCHIETA,-FLORIANÓPOLIS/SC']",cod. C24-35734,"['Casa no Jardim Anchieta! Terreno com 1.237 m². Linda casa com 302,50 m² incluindo a área da casa   Espaço gourmet e toda reformada. A casa possui 3 quartos, sendo 1 suíte. Suíte com closet, banheiro com 2 pias. Banheiro social com hidromassagem. Sala de estar com lareira, sala de jantar, sala de TV, lavabo, cozinha ampla com armários planejados, dependência completa de empregada, área de serviço, e garagem para 4 carros. Espaço gourmet com churrasqueira, ármários planejados, banheiro e despensa. Área externa com piscina, jardim, garagem para 4 carros com portão eletrônico. Muro parte em vidro temperado/alvenaria com cerca elétrica, alarme, monitoramento, circuíto fechado de TV, aqueciemntoo solar, sistema de aspiração. Maiores informações e contato para visitas com a corretora Joelma Vidal, no fone  55(48)99617-3737, ou através do e-mail: joelmavendasbrognoli@gmail.com']",-27.598362,-48.50618799999999,JARDIM-ANCHIETA,"['3 Dormitórios', '5 Banheiros', '302.5 m²', '4 Vagas']",Casa,"['Doutor', 'Fernando', 'Emílio', 'Wendhausen,165']",['Brognoli Imóveis: Locação e Venda de Imóveis em Florianópolis e Região'],2100000.0,2100.0,3.0,5.0,302.5,4,FLORIANÓPOLIS/SC
https://www.brognoli.com.br/imovel/comprar-casa-35742/,"['Itapoã,27', 'ITACORUBI,-FLORIANÓPOLIS/SC']",cod. C4-35742,"['Casa estilo rústico, quatro quartos, sendo 3 suítes, piscina, garagem para quatro carros. Piso térreo: sala dois ambientes, sala de TV, lareira, bar, banheiro social, dispensa, cozinha, uma suíte, lavanderia, garagem para quatro carros, piscina. Primeiro pavimento: sala com lareira, escritório, uma suíte, um quarto com closet. Segundo pavimento uma suíte. Revestimento do piso: térreo lajota rústica, sala em madeira e suíte em lâmina, primeiro pavimento lâmina, segundo pavimento madeira. Maiores informações e agendar visita com corretor Hilton Rogério Mattos - fone (55) 48-9-9961-2338 - e-mail hiltonvendasbrognoli@gmail.com']",-27.5918341,-48.4973342,ITACORUBI,"['4 Dormitórios', '4 Banheiros', '232.1 m²', '4 Vagas']",Casa,"['Itapoã,27']",['Brognoli Imóveis: Locação e Venda de Imóveis em Florianópolis e Região'],1550000.0,1550.0,4.0,4.0,232.1,4,FLORIANÓPOLIS/SC
https://www.brognoli.com.br/imovel/comprar-casa-35635/,"['São', 'Vicente', 'de', 'Paula,760', 'AGRONÔMICA,-FLORIANÓPOLIS/SC']",cod. C40-35635,"['Casa em rua residencial, com 3 dormitórios, banheiro, sala para 2 ambientes com cozinha americana e sala de jantar.\nNa parte de baixo, lavanderia, banheiro e mais um cômodo, pátio e uma edícula.']",-27.5808299,-48.5364334,AGRONÔMICA,"['3 Dormitórios', '2 Banheiros', '150 m²', '1 Vaga']",Casa,"['São', 'Vicente', 'de', 'Paula,760']",['Brognoli Imóveis: Locação e Venda de Imóveis em Florianópolis e Região'],450000.0,450.0,3.0,2.0,150.0,1,FLORIANÓPOLIS/SC
https://www.brognoli.com.br/imovel/comprar-casa-35784/,"['Silva', 'Jardim,1097', 'CENTRO,-FLORIANÓPOLIS/SC']",cod. C19-35784,"['Casa residencial e comercial com 4 quartos, 2 banheiros no Centro de Florianópolis. A casa possui  2 salas, cozinha totalmente reformada e com móveis , área externa,  localização espetacular no Centro. Maiores informações e contato para visitas com o corretor Leandro Sena, no telefone/whatsapp 55 48 99688-6540 ou email: senavendasbrognoli@gmail.com']",-27.6105652,-48.54852469999999,CENTRO,"['2 Banheiros', '126 m²']",Casa,"['Silva', 'Jardim,1097']",['Brognoli Imóveis: Locação e Venda de Imóveis em Florianópolis e Região'],700000.0,700.0,,2.0,126.0,,FLORIANÓPOLIS/SC
https://www.brognoli.com.br/imovel/comprar-casa-35669-2/,"['Margot', 'Ganzo', 'Araujo,152', 'CENTRO,-FLORIANÓPOLIS/SC']",cod. C2-35669,"['Casa de alto padrão, 3 dormitórios, no Centro de Florianópolis. sendo 3 Suítes, em área nobre do Centro de Florianópolis, no loteamento Jardim Morumbi, linda vista permanente para a beira mar norte. Conheça essa agradável Casa de 362,00m²privativos, 4 banheiros e 3 vagas. Maiores informações e contato para visita com o corretor e avaliador, Rodrigo Barth, pelo telefone 55(48) 99809-2016 (WhatsApp) ou pelo e-mail rodrigovendasbrognoli@gmail.com']",-27.585602,-48.5368757,CENTRO,"['3 Dormitórios', '4 Banheiros', '362 m²', '3 Vagas']",Casa,"['Margot', 'Ganzo', 'Araujo,152']",['Brognoli Imóveis: Locação e Venda de Imóveis em Florianópolis e Região'],2000000.0,2000.0,3.0,4.0,362.0,3,FLORIANÓPOLIS/SC
https://www.brognoli.com.br/imovel/comprar-casa-35190/,"['DOURADOS,525', 'RESIDENCIAL,-FLORIANÓPOLIS/SC']",cod. C9-35644,"['Casa em Jurerê Internacional com alto padrão de construção,  umas das melhores e mais bonitas praias do Brasil,  conhecida mundialmente pela sua beleza natural e qualidade de vida. Casa de 02 pavimentos com 4 suítes mais sub-solo: sub-solo garagem para 4 carros, despensa.Pavimento térreo sala com 03 ambientes, rebaixo em gesso,croica lustres importados, split, cozinha ampla com copa e armários,fogão 5 bocas,coifa .bancada em granito,fogão á lenha e churrasqueira, 1º suíte com armários , bancada e box de vidro, bwc social com bancada e box, lavanderia. Amplo jardim com palmeiras, piscina com hidro cascata e luminárias.Pavimento superior: sala de tv ,escritório sistema de som ambientes mais terraço. 03 suítes sendo uma master, todas com armários s split. Suíte master com amplo closet 02 chuveiros,2 cubas,banheira de hidro mais sacada. Casa com persianas automatizadas ,corrimões em inox,sistema de aspiração,captação de aguá de chuva,água potável, água quente em todas as torneiras ,telas em todas as janelas,aberturas da Lohn. Casa de alto padrão de construção ,circuito de tv,fino acabamento e mobília de alto padrão.Maiores informações e contato para visitas com o corretor Douglas Rodrigues Lobo, no telefone 55(48)99961-2134 ou pelo e-mail: douglasvendasbrognoli@gmail.com']",-27.4440645,-48.500053,RESIDENCIAL,"['4 Dormitórios', '5 Banheiros', '490 m²', '4 Vagas']",Casa,"['DOURADOS,525']",['Brognoli Imóveis: Locação e Venda de Imóveis em Florianópolis e Região'],3500000.0,3500.0,4.0,5.0,490.0,4,FLORIANÓPOLIS/SC
https://www.brognoli.com.br/imovel/comprar-casa-34264/,"['LARGO', 'DOS', 'ACARAIS,170', 'JURERÊ-INTERNACIONAL,-FLORIANÓPOLIS/SC']",cod. C12-34264,"['Casa em Jurerê Internacional com aproximadamente 600,00m² de área construída em terreno com 700,00m². Com 5 suítes amplas com móveis planejados, escritório, home theater, lareira, sala de estar, sala de jantar, lavabo, área gourmet com churrasqueira, forno de pizza e acesso para a área da piscina; Piscina com raia de natação e deck em madeira, cozinha e área de serviço independentes com móveis planejados, lindo projeto de paisagismo, aquecimento solar e persianas automatizadas. Em local tranquilo. Desocupada! Maiores informações e contato para visitas com a corretora Katiuscia Castro  55 48 9983-5350 ou pelo e mail: katiuscia@brognolicom.br']",-27.4465972,-48.50013500000001,JURERÊ-INTERNACIONAL,"['5 Dormitórios', '7 Banheiros', '4 Vagas']",Casa,"['LARGO', 'DOS', 'ACARAIS,170']",['Brognoli Imóveis: Locação e Venda de Imóveis em Florianópolis e Região'],3900000.0,3900.0,5.0,7.0,,4,FLORIANÓPOLIS/SC
https://www.brognoli.com.br/imovel/comprar-casa-35803/,"['Bocaiúva,1528', 'CENTRO,-FLORIANÓPOLIS/SC']",cod. C1-35803,"['Casa residencial e e viabilidade comercial, na melhor localização da Rua Bocaiúva. Ao lado do Colégio Menino Jesus e a poucos passos da avenida Beira Mar Norte. Casa de dois pavimentos com uma garagem lateral que cabem dois carros, um coberto e o outro descoberto. Na parte térrea ficam duas amplas salas, sendo uma de visitas com janelas amplas e lareira, a outra também bastante espaçosa para jantar e lavabo. Entre as duas salas um amplo jardim de inverno fechado com blindex. Ao lado do Jardim de Inverno uma suíte ampla com armários em madeira maciça e suíte. Outra sala de jantar interligada com uma ampla cozinha e armários. Na parte superior, quatro quartos sendo um é uma ampla suíte com closet, banheiro com blindex e banheira . Nas paredes mármores rosa e pia ampla com duas cubas e espelho. O closet foi construído com madeira de lei. Além dos quartos na parte superior, ainda tem uma ampla biblioteca com armários construídos com madeira de lei e na lateral vista para o Jardim de Inverno. Na parte dos fundos uma edícula com uma outra cozinha de suporte no terreno e na parte superior, mais um quarto com banheiro, lavanderia e espaço com churrasqueira à carvão. Imóvel tem viabilidade comercial e localização estratégica. Uma diversidade para vários tipos de comércio. Documentação em dia. Maiores informações com a corretora Eliane através do celular: 48-99934-2646 ou pelo email: elianevendasbrognoli@gmail.com']",-27.587613,-48.55312,CENTRO,"['6 Dormitórios', '5 Banheiros', '282 m²', '2 Vagas']",Casa,"['Bocaiúva,1528']",['Brognoli Imóveis: Locação e Venda de Imóveis em Florianópolis e Região'],3500000.0,3500.0,6.0,5.0,282.0,2,FLORIANÓPOLIS/SC
https://www.brognoli.com.br/imovel/comprar-casa-35937-2/,"['João', 'Pacheco', 'da', 'Costa,220', 'LAGOA-DA-CONCEIÇÃO,-FLORIANÓPOLIS/SC']",cod. C9-35937,"['Condomínio de casas mais Hostel na Lagoa da Conceição, localizado em um dos cartões postais da cidade de Florianópolis á poucos metros do centrinho da Lagoa, poucos metros dos principais pontos turísticos, praias, bares, restaurantes, lojas, terreno com escritura pública , sendo 06 casas duplex de 02 dormitórios , sacada, churrasqueira e 02 vagas de garagem, 02 casas duplex de 03 dormitórios (suíte) , mais uma kitinete. Hostel em pleno funcionamento,e casas alugadas com ótimo rendimento mensal. Hostel  com,4 Quartos compartilhados - Masculino e Feminino),1 Quarto Privativo 1 Cama de Casal e banheiro privativo),2 banheiros comuns separados por sexo,sala de TV a cabo,Mini Biblioteca,Área de Lounge,Piscina Aquecida com bar interno.Lavanderia,Espaço Gastronômico (geladeiras; fogão e forno industrial; forno de microondas; churrasqueira; fogão a lenha e maquina de gelo) Com capacidade máxima para 34 hóspedes. Venha conhecer este lindo empreendimento em um dos Locais mais lindos da Brasil. Ótimo imóvel para investimento ,rendimento mensal e valorização..Maiores informações e contato para visitas com o corretor Douglas Rodrigues Lobo, no telefone 55(48)99961-2134 ou pelo e-mail: douglasvendasbrognoli@gmail.com']",-27.600242,-48.47095299999999,LAGOA-DA-CONCEIÇÃO,['1400.28 m²'],Casa,"['João', 'Pacheco', 'da', 'Costa,220']",['Brognoli Imóveis: Locação e Venda de Imóveis em Florianópolis e Região'],9800000.0,9800.0,,,1400.28,,FLORIANÓPOLIS/SC
https://www.brognoli.com.br/imovel/comprar-casa-34004/,"['DES', 'TAVARES', 'SOBRINHO,288', 'BOM-ABRIGO,-FLORIANÓPOLIS/SC']",cod. C31-34004,"['Maravilhoso terreno com vista para o mar no Bom Abrigo. A casa fica em um dos pontos mais charmosos e pitorescos da região Continental. Localizado ao lado do bairro Coqueiros, importante via Gastrônomica e de lazer da cidade. Área de 778,20m², sendo 24m de frente, com vista para o mar e belíssima área verde. No terreno constam 02 casas, uma casa de madeira e outra casa de alvenaria de 02 pavimentos com 03 quartos. Belíssimo terreno, para quem procura morar em lugar paradisíaco e tranquilo. Desocupada! Maiores informações e contato para visitas com a corretora Elisiane Mello de Oliveira, no telefone 55(48)9621-8074, ou pelo e-mail: elisiane@brognoli.com.br']",-27.614867,-48.595733,BOM-ABRIGO,"['3 Dormitórios', '99 m²']",Casa,"['DES', 'TAVARES', 'SOBRINHO,288']",['Brognoli Imóveis: Locação e Venda de Imóveis em Florianópolis e Região'],795000.0,795.0,3.0,,99.0,,FLORIANÓPOLIS/SC
https://www.brognoli.com.br/imovel/comprar-casa-35637/,"['Doutor', 'Francisco', 'Van', 'de', 'Sande,400', 'JOÃO-PAULO,-FLORIANÓPOLIS/SC']",cod. A31-35637,"['Mansão Jardim Caaiobig, João Paulo,  de alto padrão   com vista paradisíaca do mar de Florianópolis, próximo do Centro, Shoppings, e com área de preservação permanente e mata nativa.  \nTerreno de 3.400 m² ,  1.200 m² de área construída, sendo 6 suítes, suíte master com aproximadamente 32 m²,   área de lazer (Piscina, Salão de festas,   Salão de jogos e TV). amplas varandas,   2 entradas independentes para veículos, área para pouso de Helicóptero.    Lareira, , Vestiários,   2 cozinhas, 2 Suítes para empregados. Reservatório de concreto de água da chuva com 26.000 litros e 18.000 litros de água da concessionária (Caixa d?agua com 6.000 litros e Reservatório inferior com 12.000 litros).\nProjeto aprovado na prefeitura de 1200 m² de área construída.\nUma das vistas mais bonitas  de Florianópolis, projeto diferenciado, em fase de acabamento.\nMaiores informações e contato para visitas com a corretora Elisiane Mello   , no telefone  55(48)99621-8074, ou pelo e-mail: elisianevendasbrognoli@gmail.com']",-27.565524,-48.5128216,JOÃO-PAULO,"['6 Dormitórios', '14 Banheiros', '1200 m²', '4 Vagas']",Casa,"['Doutor', 'Francisco', 'Van', 'de', 'Sande,400']",['Brognoli Imóveis: Locação e Venda de Imóveis em Florianópolis e Região'],14000000.0,14000.0,6.0,14.0,1200.0,4,FLORIANÓPOLIS/SC
https://www.brognoli.com.br/imovel/comprar-casa-36015/,"['João', 'José', 'de', 'Melo,170', 'CÓRREGO-GRANDE,-FLORIANÓPOLIS/SC']",cod. C24-36015,"['Casa em condomínio fechado no Córrego Grande! Terreno com 745 m². Casa de alto padrão nova com 575 m², dividida em 3 pavimentos e 5 níveis sendo 4 suítes sendo 3 com closet, cozinha ampla com armários planejados, espaço gourmet com churrasqueira, forno à lenha, sala de estar, sala de jantar, estar íntimo, lavabo, ateliê e elavanderia. Área externa com piscina, jardim, árvores frutíferas e garagem para 4 carros. Maiores informações e contato para visitas com a corretora Joelma Vidal, no fone  55(48)99617-3737, ou através do e-mail: joelmavendasbrognoli@gmail.com']",-27.606096,-48.5014224,CÓRREGO-GRANDE,"['4 Dormitórios', '6 Banheiros', '574.05 m²', '4 Vagas']",Casa,"['João', 'José', 'de', 'Melo,170']",['Brognoli Imóveis: Locação e Venda de Imóveis em Florianópolis e Região'],3200000.0,3200.0,4.0,6.0,574.05,4,FLORIANÓPOLIS/SC
https://www.brognoli.com.br/imovel/comprar-casa-35936/,"['João', 'Pacheco', 'da', 'Costa,220', 'LAGOA-DA-CONCEIÇÃO,-FLORIANÓPOLIS/SC']",cod. PO9-35936,"['Condomínio de casas mais Hostel na Lagoa da Conceição, localizado em um dos cartões postais da cidade de Florianópolis á poucos metros do centrinho da Lagoa, poucos metros dos principais pontos turísticos, praias, bares, restaurantes, lojas, terreno com escritura pública , sendo 06 casas duplex de 02 dormitórios , sacada, churrasqueira e 02 vagas de garagem, 02 casas duplex de 03 dormitórios (suíte) , mais uma kitinete. Hostel em pleno funcionamento,e casas alugadas com ótimo rendimento mensal. Hostel  com,4 Quartos compartilhados - Masculino e Feminino),1 Quarto Privativo 1 Cama de Casal e banheiro privativo),2 banheiros comuns separados por sexo,sala de TV a cabo,Mini Biblioteca,Área de Lounge,Piscina Aquecida com bar interno.Lavanderia,Espaço Gastronômico (geladeiras; fogão e forno industrial; forno de microondas; churrasqueira; fogão a lenha e maquina de gelo) Com capacidade máxima para 34 hóspedes. Venha conhecer este lindo empreendimento em um dos Locais mais lindos da Brasil. Ótimo imóvel para investimento ,rendimento mensal e valorização..Maiores informações e contato para visitas com o corretor Douglas Rodrigues Lobo, no telefone 55(48)99961-2134 ou pelo e-mail: douglasvendasbrognoli@gmail.com']",-27.600242,-48.47095299999999,LAGOA-DA-CONCEIÇÃO,"['28 Dormitórios', '1400.28 m²']",Casa,"['João', 'Pacheco', 'da', 'Costa,220']",['Brognoli Imóveis: Locação e Venda de Imóveis em Florianópolis e Região'],9800000.0,9800.0,28.0,,1400.28,,FLORIANÓPOLIS/SC
https://www.brognoli.com.br/imovel/comprar-casa-36001/,"['Leonel', 'Pereira,533', 'CACHOEIRA-DO-BOM-JESUS,-FLORIANÓPOLIS/SC']",cod. C18-36001,"['Casa de Alto Padrão em condomínio fechado em Florianópolis, com 3 quartos, sendo 3 suítes, todos com sacada, ampla sala para 2 ambientes, cozinha integrada, muito bem arejada e iluminada, área de serviço independente e despensa. Casa com bom banheiro social, lavado, possui ótimo mezanino podendo ser utilizado como sala de estar ou Home Office. Casa com persianas automatizadas, tomadas com conexão USB, acabamento em gesso, piso porcelanato nas áreas comuns e laminado nos quartos. Casa com jardim,  gramado, varanda com churrasqueira e acabamento de primeira linha. Casa com 332m² de área construída. Casa fica em condomínio fechado de alto padrão, lugar tranquilo e seguro, próximo da praia e todo tipo de comércio do bairro. Para maiores informações tratar com o corretor Alexandre Brognoli pelo fone:  55 (48) 99971-5351, ou pelo e-mail: alexandrevendasbrognoli@gmail.com']",-27.421786,-48.4284865,CACHOEIRA-DO-BOM-JESUS,"['3 Dormitórios', '4 Banheiros', '332 m²', '4 Vagas']",Casa,"['Leonel', 'Pereira,533']",['Brognoli Imóveis: Locação e Venda de Imóveis em Florianópolis e Região'],1190000.0,1190.0,3.0,4.0,332.0,4,FLORIANÓPOLIS/SC
https://www.brognoli.com.br/imovel/comprar-casa-35082/,"['Feliciano', 'Nunes', 'Pires,180', 'CENTRO,-FLORIANÓPOLIS/SC']",cod. C31-34610,"['CASA NA MELHOR LOCALIZAÇÃO DO CENTRO DE FLORIANÓPOLIS - CASA   com aproximadamente 121m² de área privativa; piso inferior com 04 salas, sendo 01 com armários; elevador; cozinha com armários embutidos e acabamentos em granito; banheiro; área externa e depósito; piso superior com 04 salas, sendo 01 com o elevador; 01 com sacada; e outras duas com armários; banheiro; 01 vaga de garagem ( com possibilidade de aumentar). Casa comercial em ótima localização no Centro, em região nobre de Florianópolis e em local de bastante fluxo.ÓTIMA PARA CLÍNICAS, RESTAURANTES E ESCRITÓRIOS. Próximo ao Laboratório Santa Luzia e supermercado Hippo.\nMaiores informações e contato para visitas com a corretora Elisiane Mello de Oliveira, no telefone 55(48) 9 9621-8074, ou pelo e-mail: elisianevendasbrognoli@brognoli.com.br']",-27.591664,-48.5469121,CENTRO,"['4 Dormitórios', '2 Banheiros', '121 m²', '1 Vaga']",Casa,"['Feliciano', 'Nunes', 'Pires,180']",['Brognoli Imóveis: Locação e Venda de Imóveis em Florianópolis e Região'],1400000.0,1400.0,4.0,2.0,121.0,1,FLORIANÓPOLIS/SC
https://www.brognoli.com.br/imovel/comprar-casa-34940/,"['Admar', 'Gonzaga,3958', 'ITACORUBI,-FLORIANÓPOLIS/SC']",cod. C12-34998,"['Casa em condomínio fechado no Itacorubi .Casa com 380 m² de área construída divididos em 2 pavimentos mais subsolo e 1600 m² de terreno, 4 quartos( 2 suítes), lavabo, sala jantar e estar com lareira, escritório, sacada, cozinha, área gourmet com churrasqueira, banheiro social e auxiliar, área de serviço, dependência de empregada, armários sob medida, piso cerâmico, 2 vagas de garagem cobertas e amplo jardim.Maiores informações e contato com Katiuscia Castro (48) 999 835 530 ou pelo e-mail katiusciavendasbrognoli@gmail.com']",-27.600078,-48.48757,ITACORUBI,"['4 Dormitórios', '5 Banheiros', '381.58 m²', '2 Vagas']",Casa,"['Admar', 'Gonzaga,3958']",['Brognoli Imóveis: Locação e Venda de Imóveis em Florianópolis e Região'],1290000.0,1290.0,4.0,5.0,381.58,2,FLORIANÓPOLIS/SC
https://www.brognoli.com.br/imovel/comprar-casa-20177/,"['Joaquim', 'Carneiro,895', 'ABRAÃO,-FLORIANÓPOLIS/SC']",cod. C9-35224,"['Casa residencial com 03 dormitórios(sendo uma suíte master com closet e hidro) sala 02 ambientes, cozinha com armários, bwc social com bancada e blindex, todos dormitórios com armários, jardim e pátio nos fundos, edícula com 01 dormitório com bwc, na parte superior lavanderia. Garagem para 02 carros. Casa averbada.. Maiores informações e contato para visitas com o corretor Douglas Rodrigues Lobo, no telefone 55(48)99961-2134 ou pelo e-mail: douglasvendasbrognoli@gmail.com']",-27.6043161,-48.59131379999999,ABRAÃO,"['3 Dormitórios', '3 Banheiros', '106.5 m²', '1 Vaga']",Casa,"['Joaquim', 'Carneiro,895']",['Brognoli Imóveis: Locação e Venda de Imóveis em Florianópolis e Região'],460000.0,460.0,3.0,3.0,106.5,1,FLORIANÓPOLIS/SC
https://www.brognoli.com.br/imovel/comprar-casa-35235/,"['23', 'DE', 'MARÇO,349', 'ITAGUAÇU,-FLORIANÓPOLIS/SC']",cod. C1-35704,"['Casa no Itaguaçu Nova!!! Linda casa de alto padrão, averbada com 258,7 metros quadrados, mais a área da piscina com 60 metros quadrados em um terreno com 401,80 metros quadrados com 14 metros de frente. Todas as aberturas em PVC com as persianas automáticas. central de aspirador de pó em todos os ambientes, com espera para ar condicionado Split em todos os quartos e salas. No segundo andar são 3 quartos e uma sala intima bem grande que foi pensada para ser mais um quarto caso precise. E com uma simples colocação de uma parede a casa fica com 4 quartos sendo uma suíte-master, uma suíte, e dois quartos com um amplo banheiro social.\n     Opção de aquecimento de água por eletricidade, solar ou gás. Garagem ampla para dois carros cobertos.   Piscina e espaço gourmet integrado à cozinha e à área de piscina. Ambientes com ótimo aproveitamento de luz e ventilação. Sala de dois ambientes grandes e integrados a cozinha principal com teto rebaixado. Área de serviço com ótima circulação de ar e espaço abundante para todos os eletros.Suíte Master com espaço para closet, e demais suítes com amplo espaço para todos os móveis e circulação.  A casa possui uma excelente posição solar e está localizada em uma rua tradicional e muito tranquila e a poucos passos da orla de coqueiros. Amplas janelas de esquadrias de PVC com as venezianas automatizadas (controle remoto).\nEspera para aspiração de pó central em todos os ambientes, inclusive garagem. Piso inferior em porcelanato e piso superior em laminado top de linha, anti-chamas e impermeável. Ampla cozinha principal com ilha.\nEspaço gourmet com churrasqueira. Piscina integrada com espaço gourmet e salas. Casa com 2 acessos um pela garagem com ampla escada e acesso social com escada imponente. Área nos fundos com grande espaço de terreno, ideal para colocar um gazebo, espreguiçadeiras e jacuzzi. Ela possui amplo depósito. \nNo entorno, a região possui academias, supermercados, padarias, clube, escolas, clínicas, parque e via gastronômica. A rua possui monitoramento 24 horas. Maiores informações com a corretora Eliane através do celular; 48-99934-2646 ou pelo email: elianevendasbrognoli@gmail.com']",-27.6119856,-48.59163600000001,ITAGUAÇU,"['3 Dormitórios', '4 Banheiros', '258.7 m²', '4 Vagas']",Casa,"['23', 'DE', 'MARÇO,349']",['Brognoli Imóveis: Locação e Venda de Imóveis em Florianópolis e Região'],1770000.0,1770.0,3.0,4.0,258.7,4,FLORIANÓPOLIS/SC
https://www.brognoli.com.br/imovel/comprar-casa-36049/,"['Orlando', 'Carioni,130', 'LAGOA-DA-CONCEIÇÃO,-FLORIANÓPOLIS/SC']",cod. C31-36049,"['Casa de frente para a Lagoa da Conceição,terreno com 419,68 m² e   260,43 de área construída.  4 dormitórios com suíte e 4 vagas.\nNo pavimento térreo, duas salas amplas e arejadas,    com o visual da Lagoa,  lavabo, churrasqueira interna e lareira,  cozinha e área de serviço. A vista envolve toda a sala e piscina. Área da piscina com vista maravilhosa da Lagoa, churrasqueira e fogão industrial na área externa.\n No pavimento superior, 4 dormitórios com suíte, banheiro social, e terraço para apreciar a vista maravilhosa da lagoa. Rua arborizada, tranquila, propriedade diferenciada e aconchegante, para quem procura morar num lugar com vista de cinema, e perto de todas as conveniências e conforto que o bairro oferece.\nMaiores informações e contato para visitas com a corretora Elisiane Mello, no telefone  55(48)99621-8074, ou pelo e-mail: elisianevendasbrognoli@gmail.com.']",-27.6062639,-48.4665733,LAGOA-DA-CONCEIÇÃO,"['4 Dormitórios', '3 Banheiros', '260.43 m²', '3 Vagas']",Casa,"['Orlando', 'Carioni,130']",['Brognoli Imóveis: Locação e Venda de Imóveis em Florianópolis e Região'],2300000.0,2300.0,4.0,3.0,260.43,3,FLORIANÓPOLIS/SC
https://www.brognoli.com.br/imovel/comprar-casa-36128/,"['Jerônimo', 'José', 'Dias,636', 'SACO-DOS-LIMÕES,-FLORIANÓPOLIS/SC']",cod. C17-36128,"['Casa 3 quartos com suíte em Florianópolis no bairro Saco dos Limões, casa construída com madeira de Grápia, quarto principal com móveis planejados com closet e banheira de hidromassagem, banheiro social contendo decoração em papel de parede, drywall, blindex personalizado, outro quarto contendo móveis planejados, cama e painel de TV, sala para 3 ambientes, cozinha com armários planejados, contendo balcão em granito, fogão cooktop e churrasqueira, piscina contendo banheiro privativo, espaço gourmet com pia, coberto por estrutura de vidro, garagem para 3 carros com portão eletrônico e canil. Todas os cômodos da casa possuem ar condicionado tipo split. Edícula da garagem contendo área de serviço para lavanderia ou ferramentaria. Casa a apenas 80 metros do mar, ideal para quem possui embarcação de pequeno porte. Casa a apenas 3 minutos do Centro de Florianópolis e próximo de supermercados e variado comércio. Maiores informações e contato para visitas com o corretor Diogo Scherer, no telefone 55(48)99971-4320 (WhatsApp) ou pelo e-mail: diogovendasbrognoli@gmail.com']",-27.6109785,-48.5401505,SACO-DOS-LIMÕES,"['3 Dormitórios', '3 Banheiros', '80 m²', '3 Vagas']",Casa,"['Jerônimo', 'José', 'Dias,636']",['Brognoli Imóveis: Locação e Venda de Imóveis em Florianópolis e Região'],540000.0,540.0,3.0,3.0,80.0,3,FLORIANÓPOLIS/SC
https://www.brognoli.com.br/imovel/comprar-casa-36167/,"['Luiz', 'Zilli,53', 'JOSÉ-MENDES,-FLORIANÓPOLIS/SC']",cod. C6-36167,"['Casa residencial com 7 dormitórios no Centro. Com espetacular e indevassável vista para a Baía Sul, casa construída em  4 níveis, com aproveitamento dos níveis do terreno. No último subsolo espaço para um atelier ou kitinete com 1 banheiro, amplo quintal com árvores frutíferas e acesso para pedestres para a rua; No segundo nível, ampla varanda e sala de TV, cozinha com armários planejados, espaço para festas com churrasqueira, pia e fogão,  banheiro completo e área de serviço. No piso térreo ampla sala com acesso para 3 dormitórios sendo 1 suíte, todos com sacada com linda e exuberante vista para o mar.  Neste pavimento, 2 vagas de caragem coberta e estacionamento descoberto para mais 4 carros. O pavimento superior, construído em madeira e parte alvenaria, com 2 suítes, sala para 2 ambientes, cozinha, banheiro social  e mais um espaço integrado de quarto e sala com acesso independente. Maiores informações e contato para visitas com a corretora Lourdes Inês Bianchi pelo telefone  55 48 99983 0539 ou pelo e-mail lurdinhavendasbrognoli@gmail.com']",-27.6094916,-48.5474762,JOSÉ-MENDES,"['7 Dormitórios', '6 Banheiros', '360 m²', '6 Vagas']",Casa,"['Luiz', 'Zilli,53']",['Brognoli Imóveis: Locação e Venda de Imóveis em Florianópolis e Região'],2000000.0,2000.0,7.0,6.0,360.0,6,FLORIANÓPOLIS/SC
https://www.brognoli.com.br/imovel/comprar-casa-36124/,"['Buriti,527', 'PARQUE-SÃO-JORGE,-FLORIANÓPOLIS/SC']",cod. C2-36124,"['Casa  3 quartos sendo 2 Suítes, localizada em uma das melhores regiões de Florianópolis, no Parque São Jorge, casa com Cozinha e móveis Planejados, ampla sala de estar e jantar, área de serviço espaçosa, e lavabo, área com churrasqueira a carvão o Segundo Piso conta com uma sala de Tv e 3 quartos, sendo uma Suíte Master com Clouset e Sacada, outra suíte com banheiro arejado, além de mais um quarto que também serve como escritório. garagem para 2 carros coberta e 2 descobertos. Casa está toda averbada e pode ser financiada via Banco. Maiores informações e contato para visita com o corretor e avaliador, Rodrigo Barth, Pelo telefone,  55(48) 99809-2016 (WhatsApp) ou pelo e-mail, rodrigovendasbrognoli@gmail.com']",-27.5915146,-48.4989948,PARQUE-SÃO-JORGE,"['3 Dormitórios', '3 Banheiros', '232.77 m²', '4 Vagas']",Casa,"['Buriti,527']",['Brognoli Imóveis: Locação e Venda de Imóveis em Florianópolis e Região'],1200000.0,1200.0,3.0,3.0,232.77,4,FLORIANÓPOLIS/SC
https://www.brognoli.com.br/imovel/comprar-casa-33544/,"['LUIZ', 'HENRIQUE', 'DA', 'ROSA,200', 'LAGOA-DA-CONCEIÇÃO,-FLORIANÓPOLIS/SC']",cod. C9-33544,"['Ampla residência com amplo terreno localizado em um dos cartões postais da Ilha na Lagoa da Conceição próximo ao LIC, toda beleza natural da região nas proximidades do imóvel. Casa de 2 pavimentos, sendo parte térrea, ampla sala com 4 ambientes com lareira, estar, jantar, lavabo, escritório, cozinha, despensa, lavanderia, dependência de empregada, 1 quarto, amplo pátio com jardim, edícula com churrasqueira e pia, ótima área de espaço gourmet, piscina, amplo canil, garagem para 3 carros. Pavimento superior, sala, 3 suítes, todas com sacada e uma master com closet e hidro. Ótima localização na Lagoa da Conceição. Maiores informações e contato para visitas com o corretor Douglas Lobo, no telefone 55(48)99961-2134, ou pelo e-mail: douglasvendasbrognoli@gmail.com']",-27.6087584,-48.4748183,LAGOA-DA-CONCEIÇÃO,"['4 Dormitórios', '4 Banheiros', '330.88 m²', '3 Vagas']",Casa,"['LUIZ', 'HENRIQUE', 'DA', 'ROSA,200']",['Brognoli Imóveis: Locação e Venda de Imóveis em Florianópolis e Região'],1650000.0,1650.0,4.0,4.0,330.88,3,FLORIANÓPOLIS/SC
https://www.brognoli.com.br/imovel/comprar-casa-36080/,"['Juliana', 'Meurer', 'Feiber,335', 'CANASVIEIRAS,-FLORIANÓPOLIS/SC']",cod. C6-36080,"['Casa de 5 quartos em Canasvieiras, construída sobre um amplo terreno de 1.130m², todo arborizado com belo projeto paisagístico, piscina, edícula com churrasqueira e aconchegante espaço gourmet para festas, banheiro e área de serviço, piscina e canil. Casa com 2 pavimentos, com aquecimento solar, sistema de alarme,  tendo no piso térreo agradável varanda, ampla sala para 2 ambientes, cozinha com armários planejados, depósito, lavabo, dependência de empregada completa, garagem coberta e fechada para 2 carros. No piso superior, 5 dormitórios sendo 2 suítes e banheiro social. Inserida em tranquila área residencial, com fácil acesso a todo tipo de comércio e serviços, a poucos minutos do Sapiens Park, do Centro de Eventos e da ACADEPOL. Maiores informações e contato para visitas com a corretora Lourdes Inês Bianchi pelo telefone  55 48 99983 0539 ou pelo e-mail lurdinhavendasbrognoli@gmail.com']",-27.431596,-48.46385,CANASVIEIRAS,"['5 Dormitórios', '6 Banheiros', '260 m²', '2 Vagas']",Casa,"['Juliana', 'Meurer', 'Feiber,335']",['Brognoli Imóveis: Locação e Venda de Imóveis em Florianópolis e Região'],2100000.0,2100.0,5.0,6.0,260.0,2,FLORIANÓPOLIS/SC
https://www.brognoli.com.br/imovel/comprar-casa-36150/,"['Aldo', 'Luz,293', 'ITAGUAÇU,-FLORIANÓPOLIS/SC']",cod. C18-36150,"['Casa com 4 quartos a venda no Bairro Itaguaçú, Florianópolis. Casa espaçosa, arejada, com amplo terreno de 468m² que envolve toda a casa. Casa com 4 quartos, possui 333,50m² averbados de área privativa, contendo suíte com banheira, closet e sacada. Casa com cozinha planejada independente, bancada em granito, área de serviço separada com acesso para quintal, sala de jantar, sala de estar, sala de televisão, salão de festas com churrasqueira, lavabo, banheiro social com banheira de hidromassagem e sauna. Casa de 3 pavimentos, com linda vista para o mar, localizada em região tranquila, com 2 vagas de garagem cobertas e fechadas e mais 2 vagas descobertas, casa com árvores frutíferas e ótima vista livre para a cidade. Imóvel desocupado! Para maiores informações tratar com o corretor Alexandre Brognoli, pelo fone:  55 (48) 99971-5351, ou pelo e-mail: alexandrevendasbrognoli@gmail.com']",-27.6102507,-48.5899025,ITAGUAÇU,"['4 Dormitórios', '4 Banheiros', '333.5 m²', '4 Vagas']",Casa,"['Aldo', 'Luz,293']",['Brognoli Imóveis: Locação e Venda de Imóveis em Florianópolis e Região'],850000.0,850.0,4.0,4.0,333.5,4,FLORIANÓPOLIS/SC
https://www.brognoli.com.br/imovel/comprar-casa-36266/,"['Normélia', 'da', 'Silva', 'Brasil,137', 'JARDIM-ATLÂNTICO,-FLORIANÓPOLIS/SC']",cod. C2-36266,"['Casa no Jardim atlântico, parte continental de Florianópolis, terreno possui duas casas, a principal constitui de 3 dormitórios, sendo 1 Suíte, banheiro social, ampla sala de estar e cozinha, vaga de garagem coberta com portão eletrônico, casa 2 com acesso individual, constituída de Cozinha, sala, quarto, banheiro e área de serviço, peças grandes. Imóvel fica em região de fácil acesso ao centro de Florianópolis e a comércios em geral, farmácias, padaria, supermercado, shopping. Maiores informações e contato para visita com o corretor e Perito avaliador, Rodrigo Barth, Pelo telefone  55(48) 99809-2016(Whatsapp) ou pelo e-mail: rodrigovendasbrognoli@gmail.com']",-27.5835778,-48.5990283,JARDIM-ATLÂNTICO,"['4 Dormitórios', '3 Banheiros', '160 m²', '2 Vagas']",Casa,"['Normélia', 'da', 'Silva', 'Brasil,137']",['Brognoli Imóveis: Locação e Venda de Imóveis em Florianópolis e Região'],320000.0,320.0,4.0,3.0,160.0,2,FLORIANÓPOLIS/SC
https://www.brognoli.com.br/imovel/comprar-casa-35738/,"['Santo', 'Amaro,288', 'BALNEÁRIO,-FLORIANÓPOLIS/SC']",cod. C36-35738,"['Casa com boa localização no Balneário do Estreito, com 3 quartos sendo 1 suite com banheira de hidromassagem, cozinha com móveis planejados, copa, sala de almoço, quintal, edícula e churrasqueira.']",-27.5777397,-48.5848166,BALNEÁRIO,"['3 Dormitórios', '3 Banheiros', '125.85 m²', '1 Vaga']",Casa,"['Santo', 'Amaro,288']",['Brognoli Imóveis: Locação e Venda de Imóveis em Florianópolis e Região'],620000.0,620.0,3.0,3.0,125.85,1,FLORIANÓPOLIS/SC
https://www.brognoli.com.br/imovel/comprar-casa-35175/,"['LUIZ', 'PASTEUR,549', 'TRINDADE,-FLORIANÓPOLIS/SC']",cod. C1-35721,"['Casa linda, no bairro Trindade. Casa de 3 dormitórios sendo um com suíte planejados e blindex, 3 amplas salas: 2 de estar mais uma de jantar, banheiro social com planejado e blindex, lavabo com planejado e papel parede lindamente decorado. Cozinha ampla com armários planejados. Dependência de empregada com banheiro. Garagem que cabem 2 carros.  Localizado em uma rua tranquila e em dos locais mais valorizados de Floripa com uma linda vista para a baia norte. Aceita como parte de pagamento apto de 3D c/ suíte, elevador e vaga de garagem no Bairro Trindade. PODE SER FINANCIADA.Maiores informações com a corretora Eliane no celular: 48-99934-2646 ou pelo email: elianevendasbrognoli@gmail.com']",-27.5876019,-48.5286681,TRINDADE,"['3 Dormitórios', '4 Banheiros', '2 Vagas']",Casa,"['LUIZ', 'PASTEUR,549']",['Brognoli Imóveis: Locação e Venda de Imóveis em Florianópolis e Região'],650000.0,650.0,3.0,4.0,,2,FLORIANÓPOLIS/SC
https://www.brognoli.com.br/imovel/comprar-casa-36252/,"['Zero,00', 'TRINDADE,-FLORIANÓPOLIS/SC']",cod. C5-36252,"['Casa de 3 quartos no Bairro Trindade, considerado um dos bairros mais valorizados de Florianópolis e perto da UFSC. A casa possui 2 pavimentos, sendo no primeiro pavimento: lavanderia, dependência completa e garagem para 2 carros.\n2º pavimento: sala de estar, sala íntima com piso em porcelanato, cozinha tipo gourmet com armários planejados, 3 quartos sendo 1 suíte com banheira de hidromassagem e banheiro social. Janelas de alumínio com persianas luxaflex e portas de saída para o jardim interno em blindex, linda área de piscina com pastilha jatobá mais deck de madeira com vista, churrasqueira com lounge, lavabo decorado com pastilhas colormix e garagem.\nPróximo ao Posto Angeloni e farmácia Raia e toda infraestrutura do Bairro.\nMaiores informações e detalhes com a corretora Sueli Maria da Silva, fone: (48) 99961.6247 (waths), e-mail: suelivendasbrognoli@gmail.com\nAssessoramos você na busca do seu financiamernto Imobiliário.']",-27.594124,-48.5262256,TRINDADE,"['3 Dormitórios', '3 Banheiros', '169.1 m²', '3 Vagas']",Casa,"['Zero,00']",['Brognoli Imóveis: Locação e Venda de Imóveis em Florianópolis e Região'],780000.0,780.0,3.0,3.0,169.1,3,FLORIANÓPOLIS/SC
https://www.brognoli.com.br/imovel/comprar-casa-34783/,"['RITA', 'MARIA', 'GARCIA,525', 'INGLESES,-FLORIANÓPOLIS/SC']",cod. C6-34783,"['Casa de 3 quartos nos Ingleses em local tranquilo e agradável e financiável. Linda e confortável residência, situada no final da rua, cercada de bela área verde, com linda vista para o Bairro e para o mar. Constituída de 2 pavimentos, tendo no térreo, amplo espaço para festas com churrasqueira, cozinha com móveis planejados integrada à sala, banheiro completo, área de serviço, vaga de garagem coberta para 1 carro e 1 vaga descoberta, e lindo jardim. No pavimento superior, 3 quartos (sendo 1 suíte) com ampla varanda e banheiro social. Imóvel com escritura pública com possibilidades de financiamento bancário. Maiores informações e contato para visitas com a corretora Lourdes Inês Bianchi, no telefone 55(48)9983-0539 ou pelo e-mail: lurdinha@brognoli.com.br.']",-27.4529551,-48.4088675,INGLESES,"['3 Dormitórios', '3 Banheiros', '195.73 m²', '2 Vagas']",Casa,"['RITA', 'MARIA', 'GARCIA,525']",['Brognoli Imóveis: Locação e Venda de Imóveis em Florianópolis e Região'],560000.0,560.0,3.0,3.0,195.73,2,FLORIANÓPOLIS/SC
https://www.brognoli.com.br/imovel/comprar-casa-35928/,"['Rua', 'dos', 'Corais,189', 'JURERÊ-INTERNACIONAL,-FLORIANÓPOLIS/SC']",cod. C9-35928,"['Casa em Jurerê Internacional com 3 suítes. São 320m² de área construída em dois pavimentos. No piso térreo: um ambiente de  sala de jantar/living e outro ambiente integrando  a sala de estar, o escritório, a cozinha, a churrasqueira, a adega, a piscina, o SPA e a sauna, todos esses ambientes  voltados para uma área verde, com um deck-varanda. No mesmo piso se encontram uma suíte master com closet e uma área de serviço/lavanderia.  No piso superior, duas suítes e uma sacada. Casa com projeto diferenciado, com ótimo padrão de acabamento, com pisos em porcelanato/tábuas de madeira de lei, esquadrias de madeira maciça, portas em blindex, cozinha em aço e granito preto absoluto. A casa possui ainda aquecimento de água central, apoiado por placas solares, 4 aparelhos de ar condicionado split e armários embutidos nas suítes. No jardim , deck com um toldo retrátil da Stobag. Piscina com aquecimento solar. Alarme em todas as aberturas, sensores de presença, portão eletrônico, interfone e oito câmeras ³viewcam´. Garagem para 2 carros. Maiores informações e contato para visitas com o corretor Douglas Rodrigues Lobo, no telefone 55(48)99961-2134 ou pelo e-mail: douglasvendasbrognoli@gmail.com.']",-27.441656,-48.504713,JURERÊ-INTERNACIONAL,"['3 Dormitórios', '5 Banheiros', '312.85 m²', '2 Vagas']",Casa,"['Rua', 'dos', 'Corais,189']",['Brognoli Imóveis: Locação e Venda de Imóveis em Florianópolis e Região'],2200000.0,2200.0,3.0,5.0,312.85,2,FLORIANÓPOLIS/SC
https://www.brognoli.com.br/imovel/comprar-casa-35593/,"['João', 'Luiz', 'da', 'Silva', 'Brito,167', 'CANASVIEIRAS,-FLORIANÓPOLIS/SC']",cod. C27-35593,"['Casa com 98 m² de área construída distribuídos em 3 quartos, 1 suíte, banheiro social, escritório, churrasqueira, sala de TV,  cozinha e sacada. Casa toda reformada com projeto arquitetônico moderno, arejada e ensolarada. Próxima a todo tipo de comércio a 300 metros da linda praia de Canasvieiras no Norte da Ilha.Maiores informações e contato para visitas com o corretor Balbo Macedo, no telefone  55(48)99629-8558, ou pelo e-mail: balbovendasbrognoli@gmail.com']",-27.4303546,-48.4696515,CANASVIEIRAS,"['3 Dormitórios', '2 Banheiros', '99 m²']",Casa,"['João', 'Luiz', 'da', 'Silva', 'Brito,167']",['Brognoli Imóveis: Locação e Venda de Imóveis em Florianópolis e Região'],650000.0,650.0,3.0,2.0,99.0,,FLORIANÓPOLIS/SC
https://www.brognoli.com.br/imovel/comprar-casa-36286/,"['Buriti,485', 'ITACORUBI,-FLORIANÓPOLIS/SC']",cod. C12-36286,['Casa em ótimo bairro no Parque São Jorge! Em cima com  4 quartos sendo 2 suítes com sacadas; 1 sala e 1 banheiro. Térreo com cozinha; sala para 2 ambientes com lareira; lavabo; dependência de empregada completa. Agradável área de piscina com churrasqueira. Garagem para 2 carros.Casa localizada no bairro Parque São Jorge e  de fácil acesso ao centro e praias informações e contato com Katiuscia Castro (48) 999.835.350 ou pelo e-mail Katiusciavendasbrognoli@gmail.com'],-27.5915243,-48.4984563,ITACORUBI,"['4 Dormitórios', '3 Banheiros', '275.62 m²', '2 Vagas']",Casa,"['Buriti,485']",['Brognoli Imóveis: Locação e Venda de Imóveis em Florianópolis e Região'],980000.0,980.0,4.0,3.0,275.62,2,FLORIANÓPOLIS/SC
https://www.brognoli.com.br/imovel/comprar-casa-36171/,"['Crisógono', 'Vieira', 'da', 'Cruz,213', 'LAGOA-DA-CONCEIÇÃO,-FLORIANÓPOLIS/SC']",cod. C13-36171,"['Grande oportunidade de imóvel com escritura pública na região da Lagoa da Conceição. Terreno com 283,70m² ( 17,90 x 15,85 ) possuindo 02 (duas) casas no mesmo terreno uma delas de alvenaria medindo 65m² sendo 02 quartos, sacada, sala, cozinha com móveis planejados, 02 banheiros, lavanderia e amplo pátio. E a outra casa pré-fabricada de madeira com 42m² sendo 01 quarto, sala , cozinha, banheiro e pátio. Imóvel localizado nos fundos do terminal de ônibus (TILAG) e em frente a Delegacia da Polícia Cívil. Fácil acesso ao centrinho da Lagoa, praias, restaurantes, farmácia, supermercado e comércio em geral. Ótimo investimento para moradia, locação anual e temporada. Para maiores informações tratar com o corretor Lucas Piccini, pelo fone:  55 (48) 99194.27.27, ou pelo e-mail: lucasvendasbrognoli@gmail.com']",-27.602105,-48.470444,LAGOA-DA-CONCEIÇÃO,"['3 Dormitórios', '3 Banheiros', '107 m²', '5 Vagas']",Casa,"['Crisógono', 'Vieira', 'da', 'Cruz,213']",['Brognoli Imóveis: Locação e Venda de Imóveis em Florianópolis e Região'],550000.0,550.0,3.0,3.0,107.0,5,FLORIANÓPOLIS/SC
https://www.brognoli.com.br/imovel/comprar-casa-36169/,"['Pintor', 'Eduardo', 'Dias,389', 'JARDIM-ATLÂNTICO,-FLORIANÓPOLIS/SC']",cod. C5-36169,"['Casa ampla, muito agradável, arejada e ensolarada, com 5 quartos, sendo na parte de cima, 2 suítes com closed mais banheiro social, ampla sala de estar e despensa. Na parte de baixo 2 suítes com closed, mais 1 quarto simples, banheiro social, 4 salas, de estar, jantar, TV e copa, cozinha com armários, fogão, coifa.\nÁrea de churrasqueira, split nos quartos. Piscina. Aquecedor solar, Jardim de inverno.\nMuito bem localizada, 400 metros da rua Geral .\nMaiores informações e reserva para visitas com a corretora Sueli Maria da Silva, fone: (48) 999616247, e-mail: suelivendasbrognoli@gmail.com']",-27.5773776,-48.60117169999999,JARDIM-ATLÂNTICO,"['5 Dormitórios', '5 Banheiros', '270 m²', '4 Vagas']",Casa,"['Pintor', 'Eduardo', 'Dias,389']",['Brognoli Imóveis: Locação e Venda de Imóveis em Florianópolis e Região'],880000.0,880.0,5.0,5.0,270.0,4,FLORIANÓPOLIS/SC
https://www.brognoli.com.br/imovel/comprar-casa-36335/,"['Andrelino', 'Natividade', 'da', 'Costa,12', 'ESTREITO,-FLORIANÓPOLIS/SC']",cod. C17-36335,"['Casa no bairro Estreito, Casa com 7 quartos sendo 1 suite, 3 banheiros, sendo 2 com banheira de hidromassagem, 1 ampla sala com 2 ambientes, cozinha com móveis planejados, 5 vagas de garagem, edícula com churrasqueira e despensa. Imóvel em ótima localização, em rua tranquila, a poucos metros do supermercado imperatriz e demais comércios da região. Maiores informações e contato para visitas com o corretor Diogo Scherer, no telefone  55(48)99971-4320, ou pelo e-mail: diogovendasbrognoli@gmail.com']",-27.585026,-48.5884589,ESTREITO,"['7 Dormitórios', '3 Banheiros', '200 m²', '5 Vagas']",Casa,"['Andrelino', 'Natividade', 'da', 'Costa,12']",['Brognoli Imóveis: Locação e Venda de Imóveis em Florianópolis e Região'],600000.0,600.0,7.0,3.0,200.0,5,FLORIANÓPOLIS/SC
https://www.brognoli.com.br/imovel/comprar-casa-31985/,"['FRANZONI,203', 'AGRONÔMICA,-FLORIANÓPOLIS/SC']",cod. C42-31985,"['Casa residencial em localização calma e tranquila na Agronômica, à 300 metros da Beira Mar Norte, com casas de bom padrão de construção. Casa ampla, com 4 quartos, 2 banheiros, 2 cozinhas, 2 salas, área de serviço, churrasqueira, amplo quintal e 2 vagas de garagem. Divididas em 2 locações com ótimo rendimento mensal. Terreno com 330,00m² e área construída com 151,00m², Maiores informações e contato para visitas com o corretor Evaldo Schmidt, no telefone watts. 55(48)99963-6607, ou pelo e-mail: evaldovendasbrognoli@gmail.com']",-27.578449,-48.5362308,AGRONÔMICA,"['4 Dormitórios', '2 Banheiros', '151.5 m²', '2 Vagas']",Casa,"['FRANZONI,203']",['Brognoli Imóveis: Locação e Venda de Imóveis em Florianópolis e Região'],380000.0,380.0,4.0,2.0,151.5,2,FLORIANÓPOLIS/SC
https://www.brognoli.com.br/imovel/comprar-casa-36343/,"['Elesbão', 'Pinto', 'da', 'Luz,364', 'JARDIM-ATLÂNTICO,-FLORIANÓPOLIS/SC']",cod. C4-36343,"['Excelente casa no Jardim Atlântico, 04 quartos sendo um suíte, piscina, garagem para 3 carros. No térreo ampla sala dois ambientes e bar, ampla suíte com sacada mais dois quartos, banheiro da suíte com banheira de hidro massagem, balcão, pia, e box em vidro temperado, banheiro social com balcão/pia e vidro temperado, ampla cozinha com balcão/pia e armários planejados. No piso inferior um quarto, banheiro com balcão/pia e box em vidro temperado, sala de costura, depósito churrasqueira, piscina, garagem para 3 carros. Sistema de segurança com câmeras, cerca elétrica, alarme, aquecimento de água elétrico, área construída 212,00 m², área do terreno 405,00 m². Para maiores informações e agendar visita entrar em contato com corretor Hilton Rogério Mattos, fone 48-9-9961-2338 - e-mail hiltonvendasbrognoli@gmail.com']",-27.5780267,-48.5993333,JARDIM-ATLÂNTICO,"['4 Dormitórios', '3 Banheiros', '212 m²', '3 Vagas']",Casa,"['Elesbão', 'Pinto', 'da', 'Luz,364']",['Brognoli Imóveis: Locação e Venda de Imóveis em Florianópolis e Região'],950000.0,950.0,4.0,3.0,212.0,3,FLORIANÓPOLIS/SC
https://www.brognoli.com.br/imovel/comprar-casa-34926/,"['SC', '400,3320', 'LAGOA-DA-CONCEIÇÃO,-FLORIANÓPOLIS/SC']",cod. C31-34982,"['No início do morro da LAGOA, ótima região para comércio, terreno c/ 500m², 120 m² aproximadamente de área construída, amplo estacionamento para 6 carros, garagem coberta para dois carros ou pode ser utilizada para sala adicional com banheiro, ampla sala , depósito, copa, banheiro, próximo a Alameda Casa Rosa.  Desocupado. Maiores informações e contato para visitas com a corretora Elisiane Mello de Oliveira, no telefone  55(48)9621-8074, ou pelo e-mail: elisianevendasbrognoli@gmail.com']",-27.6093179,-48.4497241,LAGOA-DA-CONCEIÇÃO,"['2 Banheiros', '156 m²']",Casa,"['SC', '400,3320']",['Brognoli Imóveis: Locação e Venda de Imóveis em Florianópolis e Região'],800000.0,800.0,,2.0,156.0,,FLORIANÓPOLIS/SC
https://www.brognoli.com.br/imovel/comprar-casa-35554/,"['Pixinguinha,50', 'SACO-GRANDE,-FLORIANÓPOLIS/SC']",cod. C9-35554,"['Casa de alto padrão, condomínio fechado no Bairro Saco Grande em Florianópolis. Casa com 04 dormitórios sendo 03 suítes. Casa de 02 pavimentos com 334,45m2 em um amplo terreno de 528,76m2. Pavimento térreo sala com lareira e lavabo com 03 ambientes estar,jantar e tv, pé direito duplo na sala,cozinha com armários, lavanderia separada, dependência empregada completa com bwc. piso do pavimento inferior porcelanato Eliane com rodapé em porcelanato boleado, amplo quintal com jardim piscina com deck, aquário, espaço com churrasqueira e pia, bwc auxiliar , 02 ambientes fechados e individuais podendo ser dormitório ou escritório ou sala de jogos.Pavimento superior, 04 dormitórios (03 suítes(sendo uma master com closet e hidromassagem e 02 cubas , mais ampla sacada e persiana automatizada, 4º dormitório transformado em escritório, piso do pavimento superior e da área intima em tábuas de peroba (tábuas sem emendas nos dormitórios).Única casa do condomínio com garagem subterrânea e 3 vagas cobertas de garagem, aquecimento solar,cisterna na garagem com capacidade de 6000 litros de água de chuva,reserva de água casan de 4600 litros,5 máquinas de ar condicionado quente/frio em quase todos os ambientes, aberturas em PVC em todas as janelas.Condomínio fechado,portaria e monitorado 24h por dia possui quadra de tênis, quadra poliesportiva com grama sintética, piscina adulto e infantil e salão de festas.  Maiores informações e contato para visitas com o corretor Douglas Lobo, no telefone  55(48)99961-2134, ou pelo e-mail: douglasvendasbrognoli@gmail.com']",-27.5403051,-48.5094939,SACO-GRANDE,"['4 Dormitórios', '6 Banheiros', '334.45 m²', '3 Vagas']",Casa,"['Pixinguinha,50']",['Brognoli Imóveis: Locação e Venda de Imóveis em Florianópolis e Região'],1850000.0,1850.0,4.0,6.0,334.45,3,FLORIANÓPOLIS/SC
https://www.brognoli.com.br/imovel/comprar-casa-36046/,"['Tenente', 'Silveira,402', 'CENTRO,-FLORIANÓPOLIS/SC']",cod. C9-36046,"['Casa comercial no Centro de Florianópolis na Tenente Silveira. Casa de 02 pavimentos. Pavimento térreo, loja , bwc salas, garagem. Pavimento superior salas ou dormitórios, cozinha ,bwc, mais edícula. Viabilidade para construção comercial e residencial.No coração  do centro ótima localização para investimento, em volta á todo tipo de comércio.Maiores informações e contato para visitas com o corretor Douglas Rodrigues Lobo, no telefone 55(48)99961-2134 ou pelo e-mail: douglasvendasbrognoli@gmail.com']",-27.594688,-48.553129,CENTRO,"['3 Banheiros', '254 m²']",Casa,"['Tenente', 'Silveira,402']",['Brognoli Imóveis: Locação e Venda de Imóveis em Florianópolis e Região'],1800000.0,1800.0,,3.0,254.0,,FLORIANÓPOLIS/SC
https://www.brognoli.com.br/imovel/comprar-casa-36122/,"['Professor', 'Walter', 'de', 'Bona', 'Castelan,493', 'CÓRREGO-GRANDE,-FLORIANÓPOLIS/SC']",cod. C16-36122,"['Casa Ótima, alto padrão de construção, no Córrego Grande! Casa térrea em terreno com 598,5 m² e 306,83 m² de área construída, distribuídos em 4 amplas suítes, sendo uma master com closet e banheira de hidromassagem, 3 amplas salas (estar, jantar e de televisão), cozinha com armários embutidos e jardim de inverno, área de serviço com dependência completa de empregada e canil. Lavabo, espaço gourmet com churrasqueira e ampla área externa com piscina (sol o dia todo!). Aquecimento de água a luz solar! Garagem para 4 carros, sendo 2 cobertos. Imóvel localizado em região plana rodeado por casas residenciais, em excelente localização, no Córrego Grande, próximo ao Supermercado Imperatriz, fácil acesso a UFSC, bairros Itacorubi e Lagoa da Conceição. Mais informações e contatos para visitas com o corretor Ricardo Martins, no cel/whatsapp 55(48)98450-0607 / 99933-8705, ou pelo e-mail: ricardovendasbrognoli@gmail.com']",-27.5993854,-48.503792,CÓRREGO-GRANDE,"['4 Dormitórios', '7 Banheiros', '306.83 m²', '4 Vagas']",Casa,"['Professor', 'Walter', 'de', 'Bona', 'Castelan,493']",['Brognoli Imóveis: Locação e Venda de Imóveis em Florianópolis e Região'],1750000.0,1750.0,4.0,7.0,306.83,4,FLORIANÓPOLIS/SC
https://www.brognoli.com.br/imovel/comprar-casa-36370/,"['Bocaiúva,2098', 'CENTRO,-FLORIANÓPOLIS/SC']",cod. C5-36370,"['Casa, com terreno de 324m², em excelente localização, Rua Bocaiuva, próximo ao Shopping Beira Mar, local de bastante visibilidade comercial, movimento intenso. Viabilidade para salas comercial e edifício residencial Multifamiliar. Maiores informações e contato para visitas com a Corretora Sueli Maria da Silva, fone: (48) 999616247 (waths) e e-mail:suelivendasbrognoli@gmail.com']",-27.5861378,-48.5476353,CENTRO,"['2 Banheiros', '195 m²', '3 Vagas']",Casa,"['Bocaiúva,2098']",['Brognoli Imóveis: Locação e Venda de Imóveis em Florianópolis e Região'],2550000.0,2550.0,,2.0,195.0,3,FLORIANÓPOLIS/SC
https://www.brognoli.com.br/imovel/comprar-casa-35177/,"['Ingabaú,87', 'MONTE-VERDE,-FLORIANÓPOLIS/SC']",cod. C6-35583,"['Casa de 5 quartos no Monte Verde , a poucos metros do Floripa Shopping, região em franco desenvolvimento em virtude dos inúmeros investimentos na SC 401 e Norte da Ilha. Casa construída em 2 pavimentos, tendo do térreo, sala de estar, copa/cozinha, 2 quartos(1 suíte), banheiro completo, área de serviço, depósito e varanda com churrasqueira, garagem para 3 carros. No piso superior, amplo terraço, 3 espaçosos quartos (1 suíte), sala integrada à ótima varanda que contorna duas faces da casa. Excelente exposição solar, pomar e próximo a todo tipo de comércio e serviços, abastecimento de água do próprio Bairro, possibilidade de transformar em duas residências independentes, fácil acesso ao Centro e ao Norte da Ilha. Maiores informações e contato para visitas com a corretora Lourdes Inês Bianchi, no telefone 55(48)99983-0539, ou pelo e-mail: lurdinhavendasbrognoli@gmail.com']",-27.5596343,-48.4958499,MONTE-VERDE,"['5 Dormitórios', '3 Banheiros', '249 m²', '3 Vagas']",Casa,"['Ingabaú,87']",['Brognoli Imóveis: Locação e Venda de Imóveis em Florianópolis e Região'],460000.0,460.0,5.0,3.0,249.0,3,FLORIANÓPOLIS/SC
https://www.brognoli.com.br/imovel/comprar-casa-36393/,"['das', 'Castanheiras,122', 'LAGOA-DA-CONCEIÇÃO,-FLORIANÓPOLIS/SC']",cod. C31-36393,"['LAGOA DA CONCEIÇÃO - CASA  de Alto Padrão,   Área construída 612,74 m2 em terreno de 799,00 m2, com vista privilegiada da LAGOA e das montanhas.. Localizada no Condomínio Saulo Ramos,  condomínio   nobre da Lagoa da Conceição .\nCasa  4 suites, suite master com closet e amplo banheiro com hidromassagem e vista  da lagoa. Todos os dormitórios com linda vista para a lagoa e as montanhas.\nMóveis planejados de alta qualidade em todos os cômodos, portas e janelas de madeira maciça, vidros temperados, ambiente climatizado em todos ambientes. \nDependência de empregada  ; 03 Salas com vista panorâmica, sacada e sala de ginástica;  Churrasqueira a carvão com infraestrutura completa.\n Garagem para 04 carros, oficina, depósito, vestuário, área de serviço e lavanderia.  Piscina a com ""deck"" de madeira, e vista da lagoa,   tranquilidade e beleza num ambiente aconchegante e de muito bom gosto.. \nCondomínio com segurança e portaria 24 horas, ronda interna, circuito de câmara. V  Campo de futebol, quadra de vôlei e parquinho infantil. Acesso exclusivo ao Lic para sócios.\nMaiores informações e contato para visitas com a corretora Elisiane Mello, no telefone  55(48)99621-8074, ou pelo e-mail: elisianevendasbrognoli@gmail.com']",-27.6080953,-48.4803267,LAGOA-DA-CONCEIÇÃO,"['4 Dormitórios', '7 Banheiros', '612.74 m²', '4 Vagas']",Casa,"['das', 'Castanheiras,122']",['Brognoli Imóveis: Locação e Venda de Imóveis em Florianópolis e Região'],5500000.0,5500.0,4.0,7.0,612.74,4,FLORIANÓPOLIS/SC
https://www.brognoli.com.br/imovel/comprar-casa-35800/,"['Gilson', 'da', 'Costa', 'Xavier,320', 'SAMBAQUI,-FLORIANÓPOLIS/SC']",cod. C31-35800,"['Por favor alterar descrição:\nCasa de alto padrão em Santo Antônio.\nMaravilhoso condominio particular, com 40.000 m² de terreno, com mata nativa, vista espetacular com 180 graus para a Baia Norte e ponte Hercílio Luz, diante de águas abrigadas próprias para apoitamento de embarcação ( a família Schurmann apoitava seu veleiro ""Guapo"", em frente. Local calmo , especial para quem procura viver junto a natureza e desfrutar dos prazeres de um bairro gastronômico e muito bem localizado na Ilha de Florianópolis . São 985 m² de área construída, Projeto arquitetônico do premiado arquiteto Eduardo Jorge Felix Castells, distribuídas em 3 edificações: a casa principal, com 2 salas com lareiras, varanda com deck, cozinha, lavabo, 2 suítes, sendo uma master com jacuzzi e duas casas com 2 pavimentos, com sala, cozinha, 2 quartos e banheiro. Projeto paisagístico com lindo jardim e pedras naturais integram as casas. Ampla área de lazer com um salão de festas e um espaço gourmet, ambos com churrasqueira. Espaço ofurô e área de piscina com deck. Completando área construída, um studio ( sala , banheiro e quarto) e uma casa para o caseiro, além de área de serviço e dependência de empregada. Ideal para famílias que querem morar num mesmo local, porém em casas separadas, fazendo do local um condomínio familiar, com segurança, sossego e qualidade de vida. Interfone de acesso a casa, com estacionamento para mais de 10 carros.\n\nMaiores informações e contato para visitas com a corretora Elisiane Mello , no telefone 55(48)99621-8074, ou pelo e-mail: elisianevendasbrognoli@gmail.com']",-27.5048601,-48.5229229,SAMBAQUI,"['8 Dormitórios', '7 Banheiros', '985 m²', '10 Vagas']",Casa,"['Gilson', 'da', 'Costa', 'Xavier,320']",['Brognoli Imóveis: Locação e Venda de Imóveis em Florianópolis e Região'],5950000.0,5950.0,8.0,7.0,985.0,10,FLORIANÓPOLIS/SC
https://www.brognoli.com.br/imovel/comprar-casa-36203/,"['Laurindo', 'Januário', 'da', 'Silveira,2043', 'LAGOA-DA-CONCEIÇÃO,-FLORIANÓPOLIS/SC']",cod. C37-36203,"['Casa aconchegante no Canto da Lagoa, em privilegiada localização junto à Lagoa da conceição, com acesso para barcos. Terreno amplo em declive com 473,40m² sendo 24,30m de frente para a Estrada Geral. Encontram-se edificados 3 imóveis independentes e em níveis distintos, sendo no primeiro uma casa mista predominando madeira canela, semi mobiliada, com 2 amplos quartos com acesso a espaçoso ambiente com visão panorâmica para a Lagoa, sala, cozinha estilo americano área de serviço, banheiro... No segundo nível casa em alvenaria semi mobiliada, com 2 amplos quartos sendo 1 suíte com banheira, sala com vista panorâmica para a Lagoa, cozinha estilo americano, área de serviço, 2 banheiros, vasto espaço gourmet externo coberto e com churrasqueira... Kitinete completa recentemente construída e também com vista para a Lagoa. Na área lateral espaçoso quintal com arvores frutíferas e acesso ao trapiche, vaga de garagem coberta mais espaço para estacionamento de vários veículos. Proprietário estuda apartamentos como parte de negócio. Mais informações e contato para visitas com o Corretor J. MÜLLER, telefone: 55(48)99971-5697 ou pelo e-mail: mullervendasbrognoli@gmail.com']",-27.611911,-48.4847587,LAGOA-DA-CONCEIÇÃO,"['4 Dormitórios', '3 Banheiros', '250 m²', '5 Vagas']",Casa,"['Laurindo', 'Januário', 'da', 'Silveira,2043']",['Brognoli Imóveis: Locação e Venda de Imóveis em Florianópolis e Região'],950000.0,950.0,4.0,3.0,250.0,5,FLORIANÓPOLIS/SC
https://www.brognoli.com.br/imovel/comprar-casa-32042/,"['PROFESSOR', 'MARCOS', 'CARODOSO', 'FILHO,763', 'CÓRREGO-GRANDE,-FLORIANÓPOLIS/SC']",cod. C31-32042,"['Excelente casa residencial no Corrego Grande, próximo ao Horto Florestal. Terreno com 522 m² e 267,42 de área construída averbada. Parte inferior : sala ampla, lavabo, dependência completa de empregada, dormitório, área de serviço,  churrasqueira , ampla área verde com canil. piscina e playground.  Parte superior: mezzanino transformado em sala de tv, 3 suítes e home office. Instalação para split em todas as peças. Casa averbada para financiamento. Rua excelente, arborizada, casas de alto padrão. Maiores informações e contato para visitas com a corretora Elisiane Mello de Oliveira, no telefone  55(48)9621-8074, ou pelo e-mail: elisiane@brognoli.com.br']",-27.5934125,-48.511421,CÓRREGO-GRANDE,"['5 Dormitórios', '5 Banheiros', '267.42 m²', '2 Vagas']",Casa,"['PROFESSOR', 'MARCOS', 'CARODOSO', 'FILHO,763']",['Brognoli Imóveis: Locação e Venda de Imóveis em Florianópolis e Região'],1400000.0,1400.0,5.0,5.0,267.42,2,FLORIANÓPOLIS/SC
https://www.brognoli.com.br/imovel/comprar-casa-36389/,"['da', 'Concórdia,277', 'BALNEÁRIO,-FLORIANÓPOLIS/SC']",cod. C27-36389,"['Casa no Balneário do Estreito em Florianópolis sendo que na casa térrea da frente possui ampla sala para dois ambientes, dois quartos sendo uma suíte bem espaçosa, banheiro social e uma cozinha grande como só se vê em casas antigas como é o caso desta. Nos fundos também de alvenaria como a da frente, essa  uma construção mais recente trata-se de uma edícula completa com dois andares, dois quartos, banheiro e lavanderia. Quintal frontal,nos fundos e pequeno corredor lateral de circulação. Localização privilegiada, a uma quadra do mar, próximo a todo tipo de comércio e da beira mar norte. Maiores informações e contato para visitas com o corretor Balbo Macedo, no telefone 55(48)99629-8558, ou pelo e-mail: balbovendasbrognoli@gmail.com']",-27.577196,-48.587314,BALNEÁRIO,"['4 Dormitórios', '3 Banheiros', '132 m²', '1 Vaga']",Casa,"['da', 'Concórdia,277']",['Brognoli Imóveis: Locação e Venda de Imóveis em Florianópolis e Região'],500000.0,500.0,4.0,3.0,132.0,1,FLORIANÓPOLIS/SC
https://www.brognoli.com.br/imovel/comprar-casa-36064/,"['Manoel', 'Soares', ""D'Azevedo"", 'Maia,57', 'CARIANOS,-FLORIANÓPOLIS/SC']",cod. C37-36064,"['Casa de 3 quartos no Carianos, bem próximo à Base Aérea e ao Aeroporto Hercílio Luz, são 3 quartos sendo 1 suíte, outros 2 com armários planejados, sala ampla para dois ambientes com lareira, cozinha espaçosa com armários planejados, banheiros com armarinhos, área de serviço, área com churrasqueira e amplo terreno. Mais informações e contato para visitas com o corretor J. MÜLLER no telefone 55(48)99971-5697, ou pelo e-mail: mullervendasbrognoli@gmail.com']",-27.6620063,-48.5446225,CARIANOS,"['3 Dormitórios', '2 Banheiros', '204.23 m²', '2 Vagas']",Casa,"['Manoel', 'Soares', ""D'Azevedo"", 'Maia,57']",['Brognoli Imóveis: Locação e Venda de Imóveis em Florianópolis e Região'],430000.0,430.0,3.0,2.0,204.23,2,FLORIANÓPOLIS/SC
https://www.brognoli.com.br/imovel/comprar-casa-36434/,"['Tupinambá,301', 'ESTREITO,-FLORIANÓPOLIS/SC']",cod. C13-36434,"['Casa de alvenaria dois pavimentos com 146m² de área construída e terreno de 300m² ( 10x30), 04 quartos sendo uma suíte   um quarto/escritório. Cozinha com armários, ampla sala, total de 03 banheiros, área de churrasqueira, garagem para 03 carros, pátio com grama nos fundos, lavanderia, depósito. Casa toda regularizada com possibilidade de financiamento bancário. Venha conferir. Para maiores informações entrar em contato com o corretor Lucas Piccini (48)99194.27.27 ou lucasvendasbrognoli@gmail.com.']",-27.582932,-48.588189,ESTREITO,"['4 Dormitórios', '3 Banheiros', '146.04 m²', '3 Vagas']",Casa,"['Tupinambá,301']",['Brognoli Imóveis: Locação e Venda de Imóveis em Florianópolis e Região'],530000.0,530.0,4.0,3.0,146.04,3,FLORIANÓPOLIS/SC
